Evaluation_Date,Completed_Trades,Winning_Trades,Win_Rate,Average_Return
2026-07-22 20:14:55,1972,609,30.88,2.65
2026-07-22 20:22:06,2040,630,30.88,2.65
2026-07-22 20:44:35,2108,651,30.88,2.65
2026-07-22 21:34:22,2176,672,30.88,2.65
2026-07-22 21:45:00,2244,693,30.88,2.65
2026-07-23 09:40:12,2312,714,30.88,2.65
2026-07-23 12:00:11,2380,735,30.88,2.65
2026-07-23 14:45:38,2448,756,30.88,2.65
2026-07-23 16:20:14,2516,777,30.88,2.65
2026-07-24 09:40:14,2584,798,30.88,2.65
2026-07-24 12:00:18,2652,819,30.88,2.65
2026-07-24 14:45:25,2720,840,30.88,2.65
2026-07-24 16:20:14,2788,861,30.88,2.65
2026-07-26 18:08:05,2992,924,30.88,2.65
2026-07-26 18:21:22,3060,945,30.88,2.65
2026-07-26 18:30:39,3128,966,30.88,2.65
2026-07-26 19:36:31,3196,987,30.88,2.65
2026-07-26 19:43:39,3264,1008,30.88,2.65
2026-07-26 19:48:04,3332,1029,30.88,2.65
2026-07-26 20:01:06,3400,1050,30.88,2.65
2026-07-26 20:04:52,3468,1071,30.88,2.65
2026-07-28 00:32:02,3604,1113,30.88,2.65
2026-07-28 00:55:46,3672,1134,30.88,2.65
2026-07-28 14:45:24,3740,1155,30.88,2.65
2026-07-28 16:20:23,3808,1176,30.88,2.65
2026-07-29 12:00:24,3876,1197,30.88,2.65
2026-07-29 14:45:31,3944,1218,30.88,2.65
2026-07-29 16:20:24,4012,1239,30.88,2.65
