Date,Adjusted_Close,Close,High,Low,Open,Volume
2022-04-01,9516.0,9516.0,13548.0,8712.0,9480.0,8817
2022-04-04,8004.0,8004.0,9396.0,7878.0,8724.0,1908
2022-04-05,7356.0,7356.0,7872.0,7152.0,7872.0,641
2022-04-06,6732.0,6732.0,7798.7998046875,6684.0,7152.0,956
2022-04-07,6372.0,6372.0,7092.0,6276.0,6792.0,591
2022-04-08,7092.0,7092.0,7620.0,5820.0,6228.0,2746
2022-04-11,6144.0,6144.0,6948.0,6132.0,6912.0,456
2022-04-12,5484.0,5484.0,6444.0,5484.0,6096.0,418
2022-04-13,5712.0,5712.0,6468.0,5280.0,5604.0,1321
2022-04-14,5532.0,5532.0,6096.0,5412.0,5556.0,221
2022-04-18,5904.0,5904.0,6060.0,5292.0,5460.0,241
2022-04-19,5988.0,5988.0,6360.0,5868.0,6036.0,288
2022-04-20,5976.0,5976.0,6396.0,5748.0,5952.0,296
2022-04-21,5748.0,5748.0,6540.0,5544.0,6060.0,439
2022-04-22,4980.0,4980.0,5907.60009765625,4872.0,5796.0,199
2022-04-25,5160.0,5160.0,5352.0,4722.0,4884.0,254
2022-04-26,4596.0,4596.0,5124.0,4526.39990234375,5124.0,203
2022-04-27,4848.0,4848.0,5232.0,4512.0,4740.0,300
2022-04-28,4416.0,4416.0,5628.0,3960.0,5472.0,4686
2022-04-29,4308.0,4308.0,4584.0,4020.0,4020.0,458
2022-05-02,4032.0,4032.0,4224.0,3972.0,4200.0,244
2022-05-03,4332.0,4332.0,4524.0,3960.0,3960.0,633
2022-05-04,4620.0,4620.0,4908.0,4302.0,4488.0,619
2022-05-05,4200.0,4200.0,4656.0,4092.0,4524.0,254
2022-05-06,4608.0,4608.0,4704.0,4092.0,4104.0,250
2022-05-09,5232.0,5232.0,5484.0,4380.0,4608.0,530
2022-05-10,4800.0,4800.0,5659.2001953125,4692.0,4980.0,989
2022-05-11,4321.2001953125,4321.2001953125,4920.0,4225.2001953125,4800.0,342
2022-05-12,4284.0,4284.0,4488.0,4116.0,4320.0,196
2022-05-13,4176.0,4176.0,4446.0,4104.0,4176.0,388
2022-05-16,3780.0,3780.0,4092.0,3720.0,4092.0,85
2022-05-17,3780.0,3780.0,3816.0,3624.0,3744.0,168
2022-05-18,3816.0,3816.0,3840.0,3696.0,3744.0,79
2022-05-19,4080.0,4080.0,4140.0,3694.800048828125,3972.0,329
2022-05-20,3852.0,3852.0,4104.0,3720.0,4044.0,141
2022-05-23,3852.0,3852.0,3996.0,3624.0,3780.0,47
2022-05-24,3480.0,3480.0,3852.0,3438.0,3768.0,116
2022-05-25,3552.0,3552.0,3636.0,3408.0,3492.0,97
2022-05-26,3720.0,3720.0,3868.800048828125,3517.199951171875,3708.0,81
2022-05-27,4008.0,4008.0,4008.0,3636.0,3720.0,208
2022-05-31,4008.0,4008.0,4044.0,3720.0,3936.0,50
2022-06-01,3960.0,3960.0,4044.0,3840.0,4044.0,58
2022-06-02,4368.0,4368.0,4368.0,3684.0,3924.0,106
2022-06-03,4116.0,4116.0,4320.0,4020.0,4260.0,16
2022-06-06,4248.0,4248.0,4422.0,4032.0,4212.0,43
2022-06-07,4176.0,4176.0,4224.0,3972.0,4212.0,135
2022-06-08,4200.0,4200.0,4320.0,4032.0,4032.0,72
2022-06-09,3912.0,3912.0,4310.39990234375,3840.0,4140.0,446
2022-06-10,3840.0,3840.0,3924.0,3648.0,3864.0,104
2022-06-13,3456.0,3456.0,3864.0,3432.0,3864.0,119
2022-06-14,3060.0,3060.0,3564.0,2946.0,3480.0,113
2022-06-15,3096.0,3096.0,3417.60009765625,3060.0,3300.0,50
2022-06-16,2892.0,2892.0,3096.0,2784.0,3096.0,36
2022-06-17,2508.0,2508.0,3000.0,2508.0,2952.0,170
2022-06-21,2640.0,2640.0,2808.0,2640.0,2640.0,89
2022-06-22,2688.0,2688.0,2988.0,2550.0,2664.0,144
2022-06-23,2736.0,2736.0,3054.0,2736.0,2832.0,84
2022-06-24,2880.0,2880.0,3216.0,2808.0,2880.0,333
2022-06-27,2892.0,2892.0,3060.0,2784.0,2856.0,32
2022-06-28,2748.0,2748.0,3000.0,2712.0,2904.0,25
2022-06-29,2700.0,2700.0,2814.0,2652.0,2772.0,33
2022-06-30,2592.0,2592.0,2928.0,2568.0,2676.0,107
2022-07-01,2736.0,2736.0,2862.0,2568.0,2664.0,38
2022-07-05,2748.0,2748.0,2852.39990234375,2604.0,2844.0,248
2022-07-06,2640.0,2640.0,2736.0,2568.0,2676.0,58
2022-07-07,2724.0,2724.0,2808.0,2644.800048828125,2760.0,39
2022-07-08,2880.0,2880.0,2928.0,2628.0,2724.0,52
2022-07-11,2712.0,2712.0,2904.0,2695.199951171875,2880.0,37
2022-07-12,2676.0,2676.0,2784.0,2676.0,2760.0,25
2022-07-13,2664.0,2664.0,2928.0,2520.0,2676.0,215
2022-07-14,2616.0,2616.0,2736.0,2580.0,2736.0,35
2022-07-15,2688.0,2688.0,2688.0,2580.0,2640.0,19
2022-07-18,3060.0,3060.0,3240.0,2652.0,2736.0,108
2022-07-19,3516.0,3516.0,3579.60009765625,3084.0,3084.0,106
2022-07-20,3492.0,3492.0,3744.0,3300.0,3744.0,84
2022-07-21,4032.0,4032.0,4080.0,3372.0,3552.0,157
2022-07-22,3660.0,3660.0,4104.0,3420.0,4104.0,88
2022-07-25,3660.0,3660.0,3828.0,3456.0,3624.0,90
2022-07-26,3708.0,3708.0,3720.0,3456.0,3572.39990234375,9
2022-07-27,3720.0,3720.0,3900.0,3657.60009765625,3662.39990234375,36
2022-07-28,3720.0,3720.0,3756.0,3564.0,3756.0,36
2022-07-29,3852.0,3852.0,3912.0,3636.0,3732.0,35
2022-08-01,3828.0,3828.0,3900.0,3686.39990234375,3686.39990234375,22
2022-08-02,4152.0,4152.0,4200.0,3720.0,3720.0,79
2022-08-03,4092.0,4092.0,4236.0,3852.0,4236.0,25
2022-08-04,4236.0,4236.0,4489.2001953125,4032.0,4032.0,77
2022-08-05,4488.0,4488.0,4608.0,4200.0,4284.0,75
2022-08-08,4380.0,4380.0,4800.0,4104.0,4608.0,53
2022-08-09,4308.0,4308.0,4380.0,3840.0,3924.0,47
2022-08-10,4776.0,4776.0,4776.0,4450.7998046875,4500.0,47
2022-08-11,4536.0,4536.0,4824.0,4308.0,4788.0,21
2022-08-12,4416.0,4416.0,4621.2001953125,4281.60009765625,4620.0,67
2022-08-15,4560.0,4560.0,4699.2001953125,4392.0,4644.0,102
2022-08-16,4680.0,4680.0,4728.0,4488.0,4620.0,84
2022-08-17,4920.0,4920.0,5100.0,4632.0,4680.0,84
2022-08-18,4572.0,4572.0,4968.0,4560.0,4968.0,31
2022-08-19,4440.0,4440.0,4836.0,4296.0,4560.0,32
2022-08-22,4464.0,4464.0,4680.0,4392.0,4632.0,46
2022-08-23,4500.0,4500.0,4656.0,4356.0,4356.0,36
2022-08-24,4464.0,4464.0,4584.0,4380.0,4560.0,42
2022-08-25,3924.0,3924.0,4632.0,3768.0,4548.0,143
2022-08-26,3912.0,3912.0,4116.0,3912.0,4116.0,8
2022-08-29,3900.0,3900.0,4080.0,3864.0,3912.0,6
2022-08-30,3540.0,3540.0,4056.0,3456.0,3864.0,56
2022-08-31,3204.0,3204.0,3636.0,3092.39990234375,3492.0,25
2022-09-01,3408.0,3408.0,3408.0,3000.0,3288.0,20
2022-09-02,3024.0,3024.0,3504.0,2940.0,3504.0,120
2022-09-06,2805.60009765625,2805.60009765625,3146.39990234375,2736.0,2952.0,22
2022-09-07,3084.0,3084.0,3132.0,2880.0,2880.0,40
2022-09-08,2964.0,2964.0,3084.0,2892.0,3000.0,14
2022-09-09,3060.0,3060.0,3132.0,2928.0,3124.800048828125,15
2022-09-12,2976.0,2976.0,3120.0,2904.0,3120.0,24
2022-09-13,3012.0,3012.0,3024.0,2884.800048828125,2976.0,22
2022-09-14,3036.0,3036.0,3060.0,2904.0,2964.0,24
2022-09-15,3132.0,3132.0,3180.0,3012.0,3012.0,26
2022-09-16,3000.0,3000.0,3163.199951171875,2832.0,3120.0,67
2022-09-19,2916.0,2916.0,3088.800048828125,2760.0,2868.0,65
2022-09-20,2820.0,2820.0,3072.0,2640.0,3072.0,94
2022-09-21,2436.0,2436.0,2796.0,2436.0,2712.0,47
2022-09-22,2292.0,2292.0,2530.800048828125,2190.0,2496.0,24
2022-09-23,2366.39990234375,2366.39990234375,2592.0,2220.0,2256.0,95
2022-09-26,2424.0,2424.0,2568.0,2304.0,2304.0,21
2022-09-27,2520.0,2520.0,2820.0,2400.0,2478.0,21
2022-09-28,2628.0,2628.0,2676.0,2365.199951171875,2568.0,48
2022-09-29,2484.0,2484.0,2664.0,2436.0,2664.0,4
2022-09-30,2340.0,2340.0,2520.0,2340.0,2400.0,5
2022-10-03,2484.0,2484.0,2650.800048828125,2382.0,2382.0,23
2022-10-04,2484.0,2484.0,2562.0,2334.0,2484.0,27
2022-10-05,2520.0,2520.0,2640.0,2460.0,2472.0,16
2022-10-06,2424.0,2424.0,2494.800048828125,2400.0,2478.0,10
2022-10-07,2340.0,2340.0,2526.0,2340.0,2526.0,19
2022-10-10,2568.0,2568.0,2628.0,2256.0,2286.0,30
2022-10-11,2496.0,2496.0,2580.0,2340.0,2580.0,13
2022-10-12,2460.0,2460.0,2556.0,2352.0,2352.0,11
2022-10-13,2352.0,2352.0,2504.39990234375,2340.0,2504.39990234375,5
2022-10-14,2388.0,2388.0,2479.199951171875,2388.0,2479.199951171875,5
2022-10-17,2292.0,2292.0,2460.0,2292.0,2418.0,26
2022-10-18,2328.0,2328.0,2496.0,2328.0,2496.0,18
2022-10-19,2304.0,2304.0,2388.0,2268.0,2307.60009765625,9
2022-10-20,2160.0,2160.0,2340.0,2088.0,2244.0,40
2022-10-21,2184.0,2184.0,2352.0,2088.0,2118.0,64
2022-10-24,2232.0,2232.0,2232.0,2097.60009765625,2172.0,5
2022-10-25,2376.0,2376.0,2376.0,2206.800048828125,2220.0,6
2022-10-26,2388.0,2388.0,2388.0,1956.0,1956.0,7
2022-10-27,2340.0,2340.0,2388.0,2124.0,2124.0,2
2022-10-28,2316.0,2316.0,2352.0,2160.0,2280.0,11
2022-10-31,2244.0,2244.0,2371.199951171875,2232.0,2244.0,7
2022-11-01,2328.0,2328.0,2376.0,2172.0,2268.0,4
2022-11-02,2172.0,2172.0,2316.0,2136.0,2196.0,10
2022-11-03,2160.0,2160.0,2268.0,2136.0,2172.0,6
2022-11-04,2029.199951171875,2029.199951171875,2202.0,1980.0,2160.0,39
2022-11-07,2016.0,2016.0,2100.0,2016.0,2100.0,6
2022-11-08,2094.0,2094.0,2148.0,1980.0,2076.0,8
2022-11-09,1800.0,1800.0,2136.0,1620.0,2028.0,33
2022-11-10,1644.0,1644.0,1848.0,1458.0,1848.0,57
2022-11-11,1692.0,1692.0,1776.0,1560.0,1620.0,33
2022-11-14,1566.0,1566.0,1746.0,1560.0,1716.0,20
2022-11-15,1488.0,1488.0,1668.0,1464.0,1512.0,21
2022-11-16,1440.0,1440.0,1522.800048828125,1440.0,1464.0,18
2022-11-17,1512.0,1512.0,1512.0,1440.0,1452.0,17
2022-11-18,1368.0,1368.0,1488.0,1344.0,1440.0,39
2022-11-21,1380.0,1380.0,1458.0,1380.0,1440.0,7
2022-11-22,1320.0,1320.0,1431.5999755859375,1296.0,1380.0,20
2022-11-23,1296.0,1296.0,1416.0,1260.0,1260.0,31
2022-11-25,1764.0,1764.0,2100.0,1320.0,1320.0,1146
2022-11-28,1584.0,1584.0,1680.0,1419.5999755859375,1596.0,110
2022-11-29,1428.0,1428.0,1512.0,1344.0,1416.0,51
2022-11-30,1536.0,1536.0,1608.0,1344.0,1416.0,23
2022-12-01,1464.0,1464.0,1608.0,1464.0,1608.0,11
2022-12-02,1542.0,1542.0,1596.0,1380.0,1380.0,45
2022-12-05,1524.0,1524.0,1560.0,1440.0,1560.0,15
2022-12-06,1356.0,1356.0,1572.0,1344.0,1572.0,22
2022-12-07,1380.0,1380.0,1380.0,1332.0,1380.0,12
2022-12-08,1416.0,1416.0,1440.0,1335.5999755859375,1380.0,22
2022-12-09,1380.0,1380.0,1429.199951171875,1320.0,1332.0,16
2022-12-12,1404.0,1404.0,1404.0,1320.0,1404.0,14
2022-12-13,1410.0,1410.0,1440.0,1356.0,1356.0,12
2022-12-14,1428.0,1428.0,1428.0,1332.0,1368.0,5
2022-12-15,1380.0,1380.0,1416.0,1320.0,1380.0,14
2022-12-16,1308.0,1308.0,1404.0,1248.0,1404.0,12
2022-12-19,1200.0,1200.0,1356.0,1117.199951171875,1296.0,30
2022-12-20,1191.5999755859375,1191.5999755859375,1218.0,1140.0,1200.0,14
2022-12-21,1164.0,1164.0,1266.0,1080.0,1200.0,35
2022-12-22,1179.5999755859375,1179.5999755859375,1200.0,1080.0,1164.0,3434
2022-12-23,2820.0,2820.0,4488.0,2556.0,3588.0,40879
2022-12-27,2520.0,2520.0,3000.0,2400.0,2676.0,1803
2022-12-28,2568.0,2568.0,2856.0,2472.0,2616.0,670
2022-12-29,2964.0,2964.0,3384.0,2520.0,2604.0,1392
2022-12-30,2760.0,2760.0,3240.0,2556.0,3240.0,566
2023-01-03,2544.0,2544.0,3000.0,2520.0,2736.0,433
2023-01-04,2208.0,2208.0,2532.0,2100.0,2532.0,309
2023-01-05,2016.0,2016.0,2168.39990234375,1884.0,2124.0,175
2023-01-06,1860.0,1860.0,1920.0,1704.0,1860.0,150
2023-01-09,1716.0,1716.0,1920.0,1632.0,1812.0,113
2023-01-10,1776.0,1776.0,1830.0,1716.0,1764.0,62
2023-01-11,1896.0,1896.0,2076.0,1662.0,1752.0,1276
2023-01-12,3000.0,3000.0,4752.0,2280.0,2376.0,27934
2023-01-13,2568.0,2568.0,3240.0,2460.0,2628.0,1240
2023-01-17,2430.0,2430.0,2616.0,2400.0,2400.0,332
2023-01-18,2472.0,2472.0,2640.0,2400.0,2436.0,229
2023-01-19,2412.0,2412.0,2496.0,2280.0,2484.0,130
2023-01-20,2316.0,2316.0,2448.0,2220.0,2448.0,116
2023-01-23,2364.0,2364.0,2388.0,2244.0,2322.0,57
2023-01-24,2340.0,2340.0,2400.0,2292.0,2352.0,50
2023-01-25,2184.0,2184.0,2280.0,2148.0,2268.0,57
2023-01-26,2220.0,2220.0,2340.0,2184.0,2340.0,47
2023-01-27,2268.0,2268.0,2340.0,2160.0,2256.0,49
2023-01-30,2652.0,2652.0,3060.0,2136.0,2328.0,532
2023-01-31,2616.0,2616.0,2748.0,2442.0,2748.0,150
2023-02-01,2520.0,2520.0,2664.0,2413.199951171875,2592.0,33
2023-02-02,2580.0,2580.0,2664.0,2496.0,2652.0,51
2023-02-03,2436.0,2436.0,2652.0,2400.0,2652.0,67
2023-02-06,2400.0,2400.0,2520.0,2304.0,2400.0,43
2023-02-07,2328.0,2328.0,2508.0,2280.0,2508.0,38
2023-02-08,2404.800048828125,2404.800048828125,2412.0,2280.0,2280.0,18
2023-02-09,2392.800048828125,2392.800048828125,2520.0,2352.0,2424.0,2833
2023-02-10,3696.0,3696.0,4500.0,2820.0,3240.0,50651
2023-02-13,4464.0,4464.0,4884.0,3852.0,4152.0,14553
2023-02-14,5004.0,5004.0,5328.0,3972.0,4200.0,5265
2023-02-15,4428.0,4428.0,6000.0,4260.0,5352.0,5369
2023-02-16,4188.0,4188.0,4332.0,3816.0,4140.0,652
2023-02-17,4248.0,4248.0,4344.0,4080.0,4188.0,337
2023-02-21,3456.0,3456.0,4188.0,3408.0,4188.0,435
2023-02-22,3312.0,3312.0,3696.0,3240.0,3696.0,184
2023-02-23,4716.0,4716.0,5100.0,3012.0,3300.0,1394
2023-02-24,4524.0,4524.0,5700.0,4332.0,4632.0,1541
2023-02-27,4800.0,4800.0,5088.0,4512.0,4512.0,346
2023-02-28,5364.0,5364.0,5412.0,4668.0,4716.0,504
2023-03-01,6108.0,6108.0,6300.0,5112.0,5412.0,646
2023-03-02,5628.0,5628.0,6132.0,5460.0,5832.0,363
2023-03-03,5700.0,5700.0,5964.0,5400.0,5964.0,235
2023-03-06,5832.0,5832.0,5868.0,5412.0,5700.0,194
2023-03-07,6396.0,6396.0,6480.0,5604.0,5688.0,267
2023-03-08,7512.0,7512.0,7512.0,6336.0,6372.0,579
2023-03-09,6732.0,6732.0,7560.0,6708.0,7512.0,250
2023-03-10,6912.0,6912.0,6912.0,6180.0,6828.0,235
2023-03-13,7296.0,7296.0,7776.0,6288.0,6768.0,382
2023-03-14,8052.0,8052.0,8580.0,7080.0,7308.0,786
2023-03-15,7896.0,7896.0,8148.0,7392.0,8148.0,481
2023-03-16,6996.0,6996.0,7776.0,6900.0,7668.0,218
2023-03-17,7428.0,7428.0,7776.0,6792.0,6996.0,219
2023-03-20,7380.0,7380.0,7500.0,6996.0,7428.0,100
2023-03-21,7260.0,7260.0,7620.0,7020.0,7356.0,187
2023-03-22,7140.0,7140.0,7416.0,7044.0,7248.0,134
2023-03-23,6636.0,6636.0,7368.0,6547.2001953125,7104.0,192
2023-03-24,6828.0,6828.0,6852.0,6312.0,6504.0,81
2023-03-27,6888.0,6888.0,6960.0,6564.0,6804.0,67
2023-03-28,6960.0,6960.0,7380.0,6732.0,6732.0,98
2023-03-29,6744.0,6744.0,6912.0,6480.0,6840.0,96
2023-03-30,7176.0,7176.0,7200.0,6624.0,6792.0,127
2023-03-31,5808.0,5808.0,6888.0,5424.0,6600.0,239
2023-04-03,6036.0,6036.0,6322.7998046875,5830.7998046875,5868.0,74
2023-04-04,6084.0,6084.0,6240.0,5772.0,5952.0,129
2023-04-05,5976.0,5976.0,6168.0,5712.0,5964.0,49
2023-04-06,6000.0,6000.0,6048.0,5700.0,5856.0,25
2023-04-10,5976.0,5976.0,6000.0,5788.7998046875,5952.0,18
2023-04-11,6036.0,6036.0,6084.0,5763.60009765625,6012.0,37
2023-04-12,5964.0,5964.0,6168.0,5880.0,5964.0,112
2023-04-13,5664.0,5664.0,5964.0,5448.0,5856.0,50
2023-04-14,5544.0,5544.0,5748.0,5304.0,5664.0,49
2023-04-17,5382.0,5382.0,5520.0,5280.0,5412.0,30
2023-04-18,5748.0,5748.0,5748.0,5295.60009765625,5352.0,33
2023-04-19,5568.0,5568.0,5760.0,5328.0,5604.0,45
2023-04-20,5544.0,5544.0,5640.0,5340.0,5532.0,35
2023-04-21,5670.0,5670.0,5683.2001953125,5486.39990234375,5544.0,14
2023-04-24,5988.0,5988.0,6168.0,5496.0,5496.0,94
2023-04-25,5964.0,5964.0,6060.0,5844.0,6060.0,22
2023-04-26,6048.0,6048.0,6060.0,5904.0,6024.0,21
2023-04-27,6036.0,6036.0,6264.0,5892.0,6060.0,28
2023-04-28,5760.0,5760.0,6120.0,5532.0,6036.0,31
2023-05-01,5856.0,5856.0,6036.0,5700.0,5940.0,22
2023-05-02,6132.0,6132.0,6228.0,5748.0,5976.0,74
2023-05-03,6432.0,6432.0,6840.0,6180.0,6240.0,80
2023-05-04,6732.0,6732.0,6852.0,6000.0,6144.0,64
2023-05-05,6720.0,6720.0,7068.0,6624.0,6996.0,57
2023-05-08,6744.0,6744.0,6912.0,6600.0,6696.0,29
2023-05-09,7260.0,7260.0,7416.0,6900.0,7020.0,66
2023-05-10,7356.0,7356.0,7440.0,7164.0,7320.0,37
2023-05-11,7416.0,7416.0,7440.0,7224.0,7440.0,29
2023-05-12,6456.0,6456.0,7308.0,6204.0,7188.0,64
2023-05-15,6192.0,6192.0,6684.0,6165.60009765625,6360.0,18
2023-05-16,5988.0,5988.0,6432.0,5928.0,6324.0,27
2023-05-17,5904.0,5904.0,6096.0,5628.0,5628.0,47
2023-05-18,5688.0,5688.0,6096.0,5532.0,5964.0,47
2023-05-19,5520.0,5520.0,6036.0,5274.0,6036.0,85
2023-05-22,5052.0,5052.0,5580.0,4980.0,5520.0,110
2023-05-23,4800.0,4800.0,5112.0,4680.0,5112.0,101
2023-05-24,5172.0,5172.0,5460.0,5040.0,5460.0,75
2023-05-25,5028.0,5028.0,5124.0,4910.39990234375,5124.0,16
2023-05-26,5232.0,5232.0,5364.0,4872.0,5016.0,30
2023-05-30,5352.0,5352.0,5400.0,5004.0,5052.0,14
2023-05-31,5484.0,5484.0,5556.0,5208.0,5292.0,7
2023-06-01,5496.0,5496.0,5556.0,5319.60009765625,5556.0,7
2023-06-02,5268.0,5268.0,5544.0,5160.0,5388.0,25
2023-06-05,4800.0,4800.0,5366.39990234375,4752.0,5244.0,60
2023-06-06,5160.0,5160.0,5244.0,4776.0,4776.0,11
2023-06-07,5052.0,5052.0,5160.0,4992.0,5160.0,5
2023-06-08,5040.0,5040.0,5160.0,4932.0,5160.0,15
2023-06-09,4896.0,4896.0,5160.0,4800.0,4944.0,38
2023-06-12,5124.0,5124.0,5160.0,4920.0,5148.0,8
2023-06-13,5556.0,5556.0,5748.0,5028.0,5112.0,25
2023-06-14,5580.0,5580.0,5832.0,5292.0,5616.0,19
2023-06-15,5964.0,5964.0,5988.0,5542.7998046875,5734.7998046875,34
2023-06-16,5664.0,5664.0,6216.0,5616.0,5952.0,36
2023-06-20,5736.0,5736.0,5904.0,5460.0,5904.0,49
2023-06-21,5412.0,5412.0,5952.0,5160.0,5808.0,24
2023-06-22,5484.0,5484.0,5580.0,5319.60009765625,5412.0,3
2023-06-23,5904.0,5904.0,5904.0,5460.0,5508.0,25
2023-06-26,5712.0,5712.0,6240.0,5575.2001953125,6060.0,71
2023-06-27,5940.0,5940.0,5940.0,5544.0,5658.0,20
2023-06-28,6108.0,6108.0,6228.0,5604.0,5796.0,82
2023-06-29,6096.0,6096.0,6240.0,5940.0,6156.0,24
2023-06-30,5964.0,5964.0,6120.0,5940.0,6120.0,13
2023-07-03,6204.0,6204.0,6286.7998046875,5748.0,5976.0,23
2023-07-05,6600.0,6600.0,6600.0,6040.7998046875,6204.0,23
2023-07-06,6264.0,6264.0,6660.0,5892.0,6660.0,104
2023-07-07,6072.0,6072.0,6576.0,5964.0,6300.0,71
2023-07-10,5964.0,5964.0,6324.0,5892.0,6180.0,47
2023-07-11,5868.0,5868.0,6216.0,5664.0,6084.0,32
2023-07-12,5976.0,5976.0,6204.0,5688.0,5700.0,39
2023-07-13,5772.0,5772.0,6156.0,5640.0,5976.0,48
2023-07-14,5736.0,5736.0,6024.0,5580.0,5808.0,27
2023-07-17,5880.0,5880.0,6012.0,5742.0,5808.0,18
2023-07-18,6024.0,6024.0,6060.0,5772.0,5772.0,16
2023-07-19,5760.0,5760.0,6000.0,5700.0,5904.0,15
2023-07-20,5856.0,5856.0,5911.2001953125,5736.0,5856.0,26
2023-07-21,5880.0,5880.0,5976.0,5784.0,5916.0,8
2023-07-24,5952.0,5952.0,5976.0,5749.2001953125,5976.0,196
2023-07-25,6300.0,6300.0,6576.0,5760.0,6336.0,210
2023-07-26,6060.0,6060.0,6228.0,5856.0,6132.0,26
2023-07-27,6156.0,6156.0,6180.0,5880.0,6132.0,24
2023-07-28,6468.0,6468.0,6588.0,6012.0,6120.0,25
2023-07-31,6516.0,6516.0,6612.0,6312.0,6480.0,22
2023-08-01,6324.0,6324.0,6480.0,6228.0,6348.0,26
2023-08-02,6324.0,6324.0,6408.0,6180.0,6408.0,7
2023-08-03,6144.0,6144.0,6312.0,6144.0,6312.0,15
2023-08-04,6216.0,6216.0,6348.0,6060.0,6204.0,15
2023-08-07,6324.0,6324.0,6324.0,6060.0,6264.0,19
2023-08-08,6192.0,6192.0,6324.0,6120.0,6240.0,12
2023-08-09,6216.0,6216.0,6324.0,6144.0,6312.0,11
2023-08-10,6240.0,6240.0,6336.0,6126.0,6336.0,10
2023-08-11,6096.0,6096.0,6300.0,5892.0,6132.0,33
2023-08-14,6012.0,6012.0,6348.0,5904.0,5988.0,9
2023-08-15,5928.0,5928.0,6216.0,5928.0,6132.0,8
2023-08-16,6024.0,6024.0,6324.0,5892.0,5892.0,18
2023-08-17,5904.0,5904.0,6228.0,5892.0,5952.0,8
2023-08-18,6024.0,6024.0,6180.0,5584.7998046875,6180.0,29
2023-08-21,6144.0,6144.0,6180.0,5652.0,6072.0,26
2023-08-22,6048.0,6048.0,6132.0,5982.0,6057.60009765625,9
2023-08-23,5904.0,5904.0,6168.0,5832.0,6168.0,11
2023-08-24,5964.0,5964.0,6048.0,5904.0,6036.0,6
2023-08-25,6120.0,6120.0,6180.0,5892.0,5892.0,14
2023-08-28,5652.0,5652.0,6180.0,5556.0,6096.0,40
2023-08-29,5724.0,5724.0,5859.60009765625,5724.0,5760.0,6
2023-08-30,5796.0,5796.0,5904.0,5700.0,5830.7998046875,10
2023-08-31,5904.0,5904.0,5904.0,5760.0,5760.0,5
2023-09-01,5832.0,5832.0,5964.0,5772.0,5815.2001953125,2
2023-09-05,5664.0,5664.0,5820.0,5592.0,5694.0,9
2023-09-06,5580.0,5580.0,5946.0,5484.0,5736.0,11
2023-09-07,5832.0,5832.0,5868.0,5526.0,5868.0,8
2023-09-08,5616.0,5616.0,5780.39990234375,5484.0,5724.0,6
2023-09-11,5712.0,5712.0,5736.0,5412.0,5724.0,10
2023-09-12,5184.0,5184.0,5784.0,5076.0,5580.0,25
2023-09-13,5412.0,5412.0,5580.0,5184.0,5328.0,10
2023-09-14,5676.0,5676.0,5676.0,5316.0,5558.39990234375,14
2023-09-15,5400.0,5400.0,5700.0,5400.0,5568.0,17
2023-09-18,5496.0,5496.0,5604.0,5425.2001953125,5520.0,3
2023-09-19,5688.0,5688.0,5700.0,5280.0,5532.0,17
2023-09-20,5436.0,5436.0,5666.39990234375,5400.0,5666.39990234375,3
2023-09-21,5292.0,5292.0,5688.0,5160.0,5364.0,27
2023-09-22,4920.0,4920.0,5349.60009765625,4860.0,5316.0,24
2023-09-25,4752.0,4752.0,5016.0,4752.0,4962.0,11
2023-09-26,4764.0,4764.0,4980.0,4573.2001953125,4980.0,21
2023-09-27,4632.0,4632.0,5047.2001953125,4620.0,4906.7998046875,19
2023-09-28,4812.0,4812.0,4914.0,4680.0,4680.0,28
2023-09-29,4932.0,4932.0,5440.7998046875,4800.0,4944.0,55
2023-10-02,5460.0,5460.0,5640.0,4932.0,5106.0,34
2023-10-03,5508.0,5508.0,5676.0,5100.0,5460.0,18
2023-10-04,5688.0,5688.0,5784.0,5616.0,5700.0,19
2023-10-05,5640.0,5640.0,5784.0,5604.0,5604.0,57
2023-10-06,5700.0,5700.0,5820.0,5640.0,5640.0,11
2023-10-09,5736.0,5736.0,5760.0,5400.0,5760.0,11
2023-10-10,5748.0,5748.0,5784.0,5532.0,5652.0,5
2023-10-11,5700.0,5700.0,5784.0,5424.0,5616.0,14
2023-10-12,5484.0,5484.0,6228.0,5280.0,5820.0,78
2023-10-13,5520.0,5520.0,5724.0,5376.0,5580.0,9
2023-10-16,5544.0,5544.0,5724.0,5532.0,5532.0,24
2023-10-17,5292.0,5292.0,5700.0,5292.0,5532.0,15
2023-10-18,5616.0,5616.0,5700.0,5304.0,5304.0,10
2023-10-19,5592.0,5592.0,5652.0,5424.0,5424.0,3
2023-10-20,5646.0,5646.0,5646.0,5487.60009765625,5508.0,3
2023-10-23,5640.0,5640.0,5640.0,5280.0,5460.0,14
2023-10-24,5400.0,5400.0,5616.0,5400.0,5472.0,6
2023-10-25,5438.39990234375,5438.39990234375,5640.0,5340.0,5412.0,6
2023-10-26,5436.0,5436.0,5436.0,5280.0,5328.0,10
2023-10-27,5160.0,5160.0,5466.0,4963.2001953125,5400.0,4
2023-10-30,4723.2001953125,4723.2001953125,5083.2001953125,4716.0,4812.0,51
2023-10-31,4872.0,4872.0,5200.7998046875,4848.0,5016.0,15
2023-11-01,4812.0,4812.0,4932.0,4740.0,4812.0,11
2023-11-02,5148.0,5148.0,5172.0,4800.0,4812.0,10
2023-11-03,5220.0,5220.0,5568.0,5064.0,5244.0,5
2023-11-06,5268.0,5268.0,5568.0,5152.7998046875,5310.0,18
2023-11-07,5220.0,5220.0,5505.60009765625,5220.0,5418.0,1
2023-11-08,5220.0,5220.0,5304.0,5148.0,5271.60009765625,7
2023-11-09,5400.0,5400.0,5508.0,5028.0,5388.0,6
2023-11-10,5226.0,5226.0,5508.0,4920.0,5444.39990234375,16
2023-11-13,4944.0,4944.0,5124.0,4920.0,5016.0,6
2023-11-14,4908.0,4908.0,5076.0,4734.0,4944.0,28
2023-11-15,4980.0,4980.0,5125.2001953125,4812.0,4920.0,7
2023-11-16,4680.0,4680.0,4926.0,4512.0,4812.0,41
2023-11-17,4920.0,4920.0,4980.0,4680.0,4680.0,8
2023-11-20,5043.60009765625,5043.60009765625,5100.0,4722.0,4980.0,29
2023-11-21,4884.0,4884.0,5088.0,4850.39990234375,4896.0,5
2023-11-22,4969.2001953125,4969.2001953125,5040.0,4860.0,4860.0,4
2023-11-24,4836.0,4836.0,5100.0,4812.0,4860.0,6
2023-11-27,4980.0,4980.0,5031.60009765625,4916.39990234375,4980.0,15
2023-11-28,5004.0,5004.0,5580.0,4980.0,5124.0,80
2023-11-29,5040.0,5040.0,5241.60009765625,4980.0,5040.0,13
2023-11-30,5496.0,5496.0,5496.0,5160.0,5160.0,18
2023-12-01,6588.0,6588.0,6672.0,5245.2001953125,5568.0,73
2023-12-04,6672.0,6672.0,7080.0,6420.0,6588.0,74
2023-12-05,7393.2001953125,7393.2001953125,7488.0,6483.60009765625,6696.0,66
2023-12-06,7440.0,7440.0,7668.0,7200.0,7392.0,35
2023-12-07,6660.0,6660.0,7512.0,5844.0,7500.0,55
2023-12-08,6786.0,6786.0,7142.39990234375,6625.2001953125,6768.0,25
2023-12-11,6138.0,6138.0,6948.0,5772.0,6792.0,46
2023-12-12,6048.0,6048.0,6624.0,5796.0,6096.0,39
2023-12-13,5772.0,5772.0,6288.0,5760.0,6288.0,22
2023-12-14,5616.0,5616.0,6121.2001953125,5616.0,5772.0,20
2023-12-15,5556.0,5556.0,5988.0,5400.0,5616.0,10
2023-12-18,5340.0,5340.0,5736.0,5340.0,5412.0,68
2023-12-19,5568.0,5568.0,5832.0,5460.0,5460.0,31
2023-12-20,5460.0,5460.0,5664.0,5412.0,5664.0,13
2023-12-21,5520.0,5520.0,5664.0,5478.0,5520.0,18
2023-12-22,5880.0,5880.0,5943.60009765625,5640.0,5943.60009765625,7
2023-12-26,5880.0,5880.0,5976.0,5820.0,5820.0,15
2023-12-27,6540.0,6540.0,6600.0,5832.0,5976.0,25
2023-12-28,6396.0,6396.0,6576.0,6337.2001953125,6514.7998046875,9
2023-12-29,6468.0,6468.0,6816.0,6144.0,6492.0,21
2024-01-02,6012.0,6012.0,6528.0,5832.0,6204.0,20
2024-01-03,6108.0,6108.0,6198.0,5688.0,6000.0,46
2024-01-04,6252.0,6252.0,6360.0,6000.0,6000.0,21
2024-01-05,6204.0,6204.0,6426.0,6036.0,6348.0,19
2024-01-08,6108.0,6108.0,6348.0,6008.39990234375,6348.0,10
2024-01-09,6240.0,6240.0,6291.60009765625,6081.60009765625,6276.0,10
2024-01-10,6168.0,6168.0,6288.0,6012.0,6216.0,25
2024-01-11,6060.0,6060.0,6168.0,5964.0,6168.0,11
2024-01-12,5976.0,5976.0,6120.0,5976.0,6120.0,6
2024-01-16,5448.0,5448.0,6060.0,5424.0,6060.0,65
2024-01-17,5400.0,5400.0,5682.0,5340.0,5460.0,34
2024-01-18,5436.0,5436.0,5700.0,5292.0,5520.0,24
2024-01-19,5448.0,5448.0,5520.0,5340.0,5400.0,22
2024-01-22,5244.0,5244.0,5424.0,5040.0,5424.0,27
2024-01-23,5076.0,5076.0,5304.0,5076.0,5304.0,16
2024-01-24,5064.0,5064.0,5196.0,5040.0,5040.0,12
2024-01-25,5184.0,5184.0,5220.0,5040.0,5040.0,7
2024-01-26,5172.0,5172.0,5292.0,5088.0,5088.0,4
2024-01-29,5220.0,5220.0,5304.0,5040.0,5304.0,2
2024-01-30,5280.0,5280.0,5364.0,5280.0,5364.0,4
2024-01-31,5172.0,5172.0,5268.0,5088.0,5088.0,3
2024-02-01,5100.0,5100.0,5352.0,5100.0,5148.0,21
2024-02-02,5280.0,5280.0,5304.0,5064.0,5064.0,7
2024-02-05,5016.0,5016.0,5304.0,4848.0,5304.0,16
2024-02-06,4956.0,4956.0,5676.0,4860.0,5088.0,31
2024-02-07,4926.0,4926.0,5106.0,4836.0,5106.0,3
2024-02-08,5112.0,5112.0,5316.0,4932.0,5142.0,4
2024-02-09,5304.0,5304.0,5376.0,4920.0,5376.0,8
2024-02-12,5088.0,5088.0,5268.0,4999.2001953125,5160.0,5
2024-02-13,5028.0,5028.0,5256.0,4920.0,4992.0,8
2024-02-14,5040.0,5040.0,5100.0,4920.0,5100.0,9
2024-02-15,5064.0,5064.0,5148.0,4968.0,5148.0,9
2024-02-16,5052.0,5052.0,5124.0,4944.0,5052.0,11
2024-02-20,4932.0,4932.0,5088.0,4812.0,4956.0,15
2024-02-21,5082.0,5082.0,5090.39990234375,4730.39990234375,4932.0,9
2024-02-22,4740.0,4740.0,4980.0,4632.0,4980.0,20
2024-02-23,4704.0,4704.0,4746.0,4572.0,4656.0,12
2024-02-26,4668.0,4668.0,4800.0,4668.0,4776.0,5
2024-02-27,4740.0,4740.0,4800.0,4608.0,4740.0,6
2024-02-28,4740.0,4740.0,4896.0,4740.0,4740.0,4
2024-02-29,4878.0,4878.0,5016.0,4740.0,5016.0,4
2024-03-01,4632.0,4632.0,4878.0,4476.0,4776.0,26
2024-03-04,3912.0,3912.0,4680.0,3720.0,4500.0,53
2024-03-05,4236.0,4236.0,4668.0,3903.60009765625,4104.0,38
2024-03-06,4092.0,4092.0,4668.0,3996.0,4548.0,38
2024-03-07,4324.7998046875,4324.7998046875,4588.7998046875,4152.0,4332.0,7
2024-03-08,4188.0,4188.0,4428.0,4158.0,4284.0,13
2024-03-11,4140.0,4140.0,4310.39990234375,4140.0,4188.0,2
2024-03-12,4020.0,4020.0,4418.39990234375,3900.0,4272.0,23
2024-03-13,3864.0,3864.0,4243.2001953125,3864.0,4140.0,14
2024-03-14,3912.0,3912.0,4147.2001953125,3912.0,3948.0,8
2024-03-15,3972.0,3972.0,4188.0,3850.800048828125,4104.0,10
2024-03-18,3852.0,3852.0,4093.199951171875,3840.0,3864.0,24
2024-03-19,3744.0,3744.0,4004.39990234375,3720.0,3840.0,7
2024-03-20,3936.0,3936.0,3936.0,3756.0,3756.0,2
2024-03-21,4008.0,4008.0,4080.0,3648.0,4008.0,6
2024-03-22,3936.0,3936.0,4099.2001953125,3864.0,3996.0,6
2024-03-25,3780.0,3780.0,4135.2001953125,3780.0,3960.0,7
2024-03-26,4008.0,4008.0,4032.0,3636.0,3756.0,11
2024-03-27,3744.0,3744.0,4044.0,3684.0,3948.0,5
2024-03-28,3744.0,3744.0,4050.0,3672.0,3756.0,38
2024-04-01,3084.0,3084.0,3588.0,3048.0,3576.0,88
2024-04-02,2976.0,2976.0,3414.0,2796.0,3096.0,26
2024-04-03,2796.0,2796.0,3026.39990234375,2654.39990234375,2988.0,54
2024-04-04,2736.0,2736.0,2954.39990234375,2556.0,2808.0,25
2024-04-05,2700.0,2700.0,2736.0,2520.0,2520.0,7
2024-04-08,2556.0,2556.0,2700.0,2460.0,2664.0,16
2024-04-09,2544.0,2544.0,2742.0,2460.0,2460.0,17
2024-04-10,2424.0,2424.0,2580.0,2400.0,2554.800048828125,13
2024-04-11,2508.0,2508.0,2532.0,2364.0,2400.0,10
2024-04-12,2298.0,2298.0,2724.0,2232.0,2610.0,49
2024-04-15,2232.0,2232.0,2352.0,2208.0,2352.0,20
2024-04-16,2220.0,2220.0,2256.0,2148.0,2232.0,12
2024-04-17,2316.0,2316.0,2400.0,2232.0,2328.0,3
2024-04-18,3780.0,3780.0,4188.0,2532.0,2700.0,13861
2024-04-19,3096.0,3096.0,3816.0,2904.0,3504.0,681
2024-04-22,2766.0,2766.0,2988.0,2568.0,2892.0,245
2024-04-23,2652.0,2652.0,2988.0,2352.0,2940.0,155
2024-04-24,2556.0,2556.0,2640.0,2352.0,2640.0,109
2024-04-25,2796.0,2796.0,2796.0,2496.0,2496.0,29
2024-04-26,2736.0,2736.0,2832.0,2580.0,2724.0,47
2024-04-29,2640.0,2640.0,2820.0,2494.800048828125,2820.0,36
2024-04-30,2640.0,2640.0,2820.0,2476.800048828125,2616.0,22
2024-05-01,2664.0,2664.0,2733.60009765625,2520.0,2640.0,34
2024-05-02,2508.0,2508.0,2760.0,2364.0,2676.0,63
2024-05-03,2520.0,2520.0,2604.0,2376.0,2604.0,28
2024-05-06,2256.0,2256.0,2558.39990234375,2196.0,2520.0,118
2024-05-07,2412.0,2412.0,2472.0,2184.0,2388.0,30
2024-05-08,2400.0,2400.0,2496.0,2388.0,2436.0,35
2024-05-09,2388.0,2388.0,2484.0,2364.0,2388.0,8
2024-05-10,2400.0,2400.0,2484.0,2268.0,2448.0,25
2024-05-13,2472.0,2472.0,2520.0,2340.0,2496.0,65
2024-05-14,2400.0,2400.0,2456.39990234375,2352.0,2400.0,39
2024-05-15,2400.0,2400.0,2518.800048828125,2307.60009765625,2484.0,68
2024-05-16,2520.0,2520.0,2676.0,2352.0,2376.0,241
2024-05-17,2496.0,2496.0,2532.0,2340.0,2340.0,37
2024-05-20,2244.0,2244.0,2496.0,2208.0,2496.0,82
2024-05-21,1932.0,1932.0,2280.0,1932.0,2232.0,48
2024-05-22,2088.0,2088.0,2295.60009765625,1848.0,1896.0,33
2024-05-23,2088.0,2088.0,2331.60009765625,2040.0,2331.60009765625,13
2024-05-24,2088.0,2088.0,2292.0,1866.0,1980.0,88
2024-05-28,2052.0,2052.0,2292.0,1987.199951171875,2186.39990234375,23
2024-05-29,2136.0,2136.0,2280.0,1944.0,1944.0,12
2024-05-30,2016.0,2016.0,2181.60009765625,1980.0,2052.0,15
2024-05-31,2112.0,2112.0,2280.0,1980.0,2088.0,20
2024-06-03,2112.0,2112.0,2137.199951171875,1920.0,2040.0,10
2024-06-04,2040.0,2040.0,2100.0,1968.0,2028.0,18
2024-06-05,1860.0,1860.0,2040.0,1800.0,1932.0,41
2024-06-06,1812.0,1812.0,1968.0,1788.0,1968.0,22
2024-06-07,1632.0,1632.0,1851.5999755859375,1380.0,1812.0,133
2024-06-10,1560.0,1560.0,1740.0,1524.0,1596.0,21
2024-06-11,1548.0,1548.0,1668.0,1440.0,1508.4000244140625,34
2024-06-12,1470.0,1470.0,1620.0,1308.0,1548.0,59
2024-06-13,1488.0,1488.0,1560.0,1332.0,1452.0,47
2024-06-14,1422.0,1422.0,1500.0,1404.0,1446.0,22
2024-06-17,1344.0,1344.0,1458.0,1344.0,1416.0,50
2024-06-18,1380.0,1380.0,1444.800048828125,1320.0,1440.0,23
2024-06-20,1284.0,1284.0,1456.800048828125,1224.0,1344.0,103
2024-06-21,1236.0,1236.0,1356.0,1224.0,1296.0,51
2024-06-24,1296.0,1296.0,1356.0,1236.0,1236.0,27
2024-06-25,1260.0,1260.0,1428.0,1236.0,1284.0,20
2024-06-26,1224.0,1224.0,1284.0,1212.0,1237.199951171875,15
2024-06-27,1260.0,1260.0,1272.0,1212.0,1224.0,25
2024-06-28,1200.0,1200.0,1272.0,1200.0,1224.0,23
2024-07-01,1248.0,1248.0,1380.0,1200.0,1236.0,52
2024-07-02,1152.0,1152.0,1284.0,1140.0,1284.0,160
2024-07-03,1164.0,1164.0,1188.0,1152.0,1188.0,19
2024-07-05,1162.800048828125,1162.800048828125,1200.0,1140.0,1200.0,28
2024-07-08,1117.199951171875,1117.199951171875,1266.0,1107.5999755859375,1266.0,35
2024-07-09,1092.0,1092.0,1258.800048828125,1080.0,1173.5999755859375,78
2024-07-10,1092.0,1092.0,1104.0,1057.199951171875,1098.0,42
2024-07-11,1099.199951171875,1099.199951171875,1164.0,1068.0,1092.0,57
2024-07-12,1092.0,1092.0,1158.0,1057.199951171875,1080.0,62
2024-07-15,1074.0,1074.0,1164.0,1056.0,1104.0,45
2024-07-16,1086.0,1086.0,1125.5999755859375,1045.199951171875,1074.0,27
2024-07-17,1092.0,1092.0,1125.5999755859375,1082.4000244140625,1082.4000244140625,9
2024-07-18,1022.4000244140625,1022.4000244140625,1104.0,998.4000244140625,1104.0,46
2024-07-19,1080.0,1080.0,1089.5999755859375,1020.0,1044.0,60
2024-07-22,1105.199951171875,1105.199951171875,1140.0,1068.0,1089.5999755859375,45
2024-07-23,1104.0,1104.0,1128.0,1080.0,1080.0,171
2024-07-24,1248.0,1248.0,1440.0,1140.0,1164.0,430
2024-07-25,661.2000122070312,661.2000122070312,1388.4000244140625,564.0,1212.0,1078
2024-07-26,577.2000122070312,577.2000122070312,720.0,564.0,716.4000244140625,281
2024-07-29,525.5999755859375,525.5999755859375,594.0,480.0,578.4000244140625,194
2024-07-30,554.4000244140625,554.4000244140625,580.7999877929688,498.0,516.0,71
2024-07-31,567.5999755859375,567.5999755859375,601.2000122070312,516.0,516.0,76
2024-08-01,552.0,552.0,588.0,522.0,576.0,60
2024-08-02,363.6000061035156,363.6000061035156,540.0,330.0,501.6000061035156,515
2024-08-05,309.6000061035156,309.6000061035156,370.79998779296875,288.0,354.0,201
2024-08-06,312.0,312.0,394.79998779296875,312.0,388.79998779296875,13538
2024-08-07,100.80000305175781,100.80000305175781,108.0,87.5999984741211,87.5999984741211,81943
2024-08-08,117.5999984741211,117.5999984741211,123.5999984741211,91.19999694824219,121.19999694824219,135674
2024-08-09,106.80000305175781,106.80000305175781,120.0,96.0,120.0,31380
2024-08-12,97.19999694824219,97.19999694824219,104.4000015258789,96.0,104.4000015258789,13082
2024-08-13,102.0,102.0,104.4000015258789,93.5999984741211,97.19999694824219,11791
2024-08-14,102.0,102.0,122.4000015258789,94.80000305175781,99.5999984741211,50169
2024-08-15,104.4000015258789,104.4000015258789,108.0,97.19999694824219,104.4000015258789,27637
2024-08-16,94.80000305175781,94.80000305175781,98.4000015258789,90.0,98.4000015258789,16550
2024-08-19,94.80000305175781,94.80000305175781,100.80000305175781,92.4000015258789,98.4000015258789,17086
2024-08-20,90.0,90.0,97.19999694824219,88.80000305175781,94.80000305175781,11784
2024-08-21,86.4000015258789,86.4000015258789,91.19999694824219,81.5999984741211,87.5999984741211,13938
2024-08-22,84.0,84.0,84.0,78.0,80.4000015258789,8967
2024-08-23,88.80000305175781,88.80000305175781,90.0,81.5999984741211,84.0,9296
2024-08-26,90.0,90.0,94.80000305175781,84.0,91.19999694824219,8688
2024-08-27,85.19999694824219,85.19999694824219,88.80000305175781,84.0,87.5999984741211,5334
2024-08-28,79.19999694824219,79.19999694824219,87.5999984741211,76.80000305175781,84.0,9460
2024-08-29,74.4000015258789,74.4000015258789,79.19999694824219,69.5999984741211,79.19999694824219,8391
2024-08-30,75.5999984741211,75.5999984741211,76.80000305175781,73.19999694824219,76.80000305175781,4403
2024-09-03,70.80000305175781,70.80000305175781,76.80000305175781,70.80000305175781,74.4000015258789,5548
2024-09-04,80.4000015258789,80.4000015258789,80.4000015258789,70.80000305175781,73.19999694824219,8872
2024-09-05,86.4000015258789,86.4000015258789,90.0,79.19999694824219,82.80000305175781,18677
2024-09-06,81.5999984741211,81.5999984741211,130.8000030517578,79.19999694824219,116.4000015258789,137385
2024-09-09,72.0,72.0,78.0,66.0,78.0,15060
2024-09-10,68.4000015258789,68.4000015258789,73.19999694824219,66.0,69.5999984741211,7252
2024-09-11,67.19999694824219,67.19999694824219,69.5999984741211,63.599998474121094,69.5999984741211,6102
2024-09-12,62.400001525878906,62.400001525878906,72.0,61.20000076293945,72.0,6428
2024-09-13,67.19999694824219,67.19999694824219,76.80000305175781,60.0,61.20000076293945,13450
2024-09-16,64.80000305175781,64.80000305175781,70.80000305175781,62.400001525878906,70.80000305175781,3724
2024-09-17,64.80000305175781,64.80000305175781,66.0,62.400001525878906,62.400001525878906,2661
2024-09-18,64.80000305175781,64.80000305175781,67.19999694824219,62.400001525878906,64.80000305175781,2548
2024-09-19,69.5999984741211,69.5999984741211,72.0,64.80000305175781,67.19999694824219,7626
2024-09-20,102.0,102.0,273.6000061035156,96.0,156.0,1215515
2024-09-23,140.39999389648438,140.39999389648438,158.39999389648438,115.19999694824219,142.8000030517578,360477
2024-09-24,105.5999984741211,105.5999984741211,128.39999389648438,100.80000305175781,121.19999694824219,41519
2024-09-25,100.80000305175781,100.80000305175781,103.19999694824219,88.80000305175781,93.5999984741211,31457
2024-09-26,76.80000305175781,76.80000305175781,100.80000305175781,69.5999984741211,93.5999984741211,43849
2024-09-27,86.4000015258789,86.4000015258789,115.19999694824219,86.4000015258789,112.80000305175781,221988
2024-09-30,62.400001525878906,62.400001525878906,79.19999694824219,60.0,79.19999694824219,126417
2024-10-01,58.79999923706055,58.79999923706055,63.599998474121094,55.20000076293945,62.400001525878906,99285
2024-10-02,56.400001525878906,56.400001525878906,58.79999923706055,48.0,56.400001525878906,64508
2024-10-03,57.599998474121094,57.599998474121094,67.19999694824219,54.0,56.400001525878906,84705
2024-10-04,56.400001525878906,56.400001525878906,66.0,56.400001525878906,66.0,42102
2024-10-07,40.79999923706055,40.79999923706055,49.20000076293945,38.400001525878906,49.20000076293945,108437
2024-10-08,36.0,36.0,57.599998474121094,36.0,38.400001525878906,176073
2024-10-09,35.52000045776367,35.52000045776367,35.52000045776367,25.559999465942383,34.31999969482422,129117
2024-10-10,27.600000381469727,27.600000381469727,32.784000396728516,26.639999389648438,32.400001525878906,89900
2024-10-11,28.68000030517578,28.68000030517578,32.7599983215332,25.079999923706055,26.760000228881836,205925
2024-10-14,42.2400016784668,42.2400016784668,51.0,38.15999984741211,48.0,2476925
2024-10-15,36.599998474121094,36.599998474121094,40.68000030517578,35.52000045776367,38.15999984741211,109675
2024-10-16,32.880001068115234,32.880001068115234,35.880001068115234,32.400001525878906,35.880001068115234,49567
2024-10-17,36.599998474121094,36.599998474121094,43.31999969482422,33.0,33.2400016784668,120158
2024-10-18,33.599998474121094,33.599998474121094,37.08000183105469,33.599998474121094,36.0,137933
2024-10-21,43.560001373291016,43.560001373291016,51.47999954223633,40.20000076293945,46.68000030517578,779267
2024-10-22,39.2400016784668,39.2400016784668,40.68000030517578,36.599998474121094,38.7599983215332,73633
2024-10-23,36.720001220703125,36.720001220703125,41.279998779296875,35.279998779296875,38.880001068115234,40775
2024-10-24,42.2400016784668,42.2400016784668,46.20000076293945,36.119998931884766,36.119998931884766,258925
2024-10-25,51.47999954223633,51.47999954223633,65.76000213623047,48.36000061035156,57.84000015258789,2522333
2024-10-28,50.52000045776367,50.52000045776367,50.7599983215332,44.400001525878906,48.119998931884766,109717
2024-10-29,50.63999938964844,50.63999938964844,53.400001525878906,48.47999954223633,51.959999084472656,68108
2024-10-30,45.0,45.0,50.4119987487793,44.040000915527344,48.599998474121094,53200
2024-10-31,50.880001068115234,50.880001068115234,53.880001068115234,44.4119987487793,45.0,71792
2024-11-01,46.79999923706055,46.79999923706055,51.84000015258789,46.560001373291016,50.52000045776367,32517
2024-11-04,43.79999923706055,43.79999923706055,48.18000030517578,43.31999969482422,47.7599983215332,27950
2024-11-05,47.15999984741211,47.15999984741211,51.0,45.119998931884766,48.959999084472656,148133
2024-11-06,45.84000015258789,45.84000015258789,47.880001068115234,43.560001373291016,46.560001373291016,34833
2024-11-07,46.31999969482422,46.31999969482422,48.599998474121094,44.63999938964844,45.36000061035156,27867
2024-11-08,44.7599983215332,44.7599983215332,46.715999603271484,44.040000915527344,45.959999084472656,18225
2024-11-11,41.279998779296875,41.279998779296875,45.2400016784668,39.85200119018555,45.2400016784668,28683
2024-11-12,39.47999954223633,39.47999954223633,41.279998779296875,36.959999084472656,40.439998626708984,21542
2024-11-13,40.31999969482422,40.31999969482422,40.68000030517578,37.560001373291016,38.880001068115234,16858
2024-11-14,41.400001525878906,41.400001525878906,45.0,39.47999954223633,41.400001525878906,63908
2024-11-15,31.200000762939453,31.200000762939453,35.400001525878906,29.040000915527344,29.639999389648438,49767
2024-11-18,30.479999542236328,30.479999542236328,31.68000030517578,30.1200008392334,31.079999923706055,16225
2024-11-19,32.040000915527344,32.040000915527344,33.959999084472656,28.200000762939453,29.639999389648438,90367
2024-11-20,30.600000381469727,30.600000381469727,32.400001525878906,30.239999771118164,31.68000030517578,21967
2024-11-21,29.520000457763672,29.520000457763672,31.079999923706055,29.040000915527344,31.079999923706055,20850
2024-11-22,29.399999618530273,29.399999618530273,30.360000610351562,26.639999389648438,29.280000686645508,26600
2024-11-25,28.440000534057617,28.440000534057617,30.1200008392334,26.040000915527344,30.1200008392334,15850
2024-11-26,27.239999771118164,27.239999771118164,28.920000076293945,27.1200008392334,27.959999084472656,8450
2024-11-27,27.959999084472656,27.959999084472656,28.68000030517578,27.239999771118164,27.239999771118164,8258
2024-11-29,27.719999313354492,27.719999313354492,28.559999465942383,26.639999389648438,28.559999465942383,5642
2024-12-02,27.959999084472656,27.959999084472656,28.739999771118164,27.1200008392334,27.959999084472656,12108
2024-12-03,25.079999923706055,25.079999923706055,27.804000854492188,24.84000015258789,27.1200008392334,15717
2024-12-04,26.15999984741211,26.15999984741211,26.639999389648438,25.200000762939453,25.200000762939453,8892
2024-12-05,25.920000076293945,25.920000076293945,26.639999389648438,25.31999969482422,26.040000915527344,4333
2024-12-06,25.559999465942383,25.559999465942383,26.399999618530273,25.200000762939453,26.280000686645508,4233
2024-12-09,26.15999984741211,26.15999984741211,26.8799991607666,25.200000762939453,25.200000762939453,6917
2024-12-10,24.1200008392334,24.1200008392334,26.15999984741211,22.799999237060547,26.15999984741211,10850
2024-12-11,23.399999618530273,23.399999618530273,24.959999084472656,21.959999084472656,24.0,71258
2024-12-12,21.600000381469727,21.600000381469727,23.375999450683594,21.1200008392334,23.280000686645508,36017
2024-12-13,22.799999237060547,22.799999237060547,23.399999618530273,21.323999404907227,21.479999542236328,9217
2024-12-16,23.639999389648438,23.639999389648438,24.371999740600586,21.780000686645508,22.799999237060547,15725
2024-12-17,22.559999465942383,22.559999465942383,24.275999069213867,22.31999969482422,24.0,7758
2024-12-18,23.399999618530273,23.399999618530273,26.040000915527344,22.559999465942383,22.559999465942383,31350
2024-12-19,23.639999389648438,23.639999389648438,24.312000274658203,22.68000030517578,24.239999771118164,7017
2024-12-20,25.799999237060547,25.799999237060547,25.799999237060547,23.760000228881836,23.760000228881836,8250
2024-12-23,25.440000534057617,25.440000534057617,25.93199920654297,24.0,24.719999313354492,3933
2024-12-24,25.559999465942383,25.559999465942383,25.68000030517578,24.600000381469727,25.079999923706055,4542
2024-12-26,27.0,27.0,27.959999084472656,24.84000015258789,24.84000015258789,15442
2024-12-27,26.280000686645508,26.280000686645508,27.360000610351562,25.200000762939453,27.0,8600
2024-12-30,33.599998474121094,33.599998474121094,35.880001068115234,24.84000015258789,25.31999969482422,152325
2024-12-31,28.68000030517578,28.68000030517578,34.79999923706055,27.600000381469727,34.79999923706055,42283
2025-01-02,24.0,24.0,52.79999923706055,23.639999389648438,44.040000915527344,2411833
2025-01-03,26.639999389648438,26.639999389648438,26.8799991607666,24.1200008392334,25.200000762939453,115183
2025-01-06,25.31999969482422,25.31999969482422,27.239999771118164,25.079999923706055,27.239999771118164,57400
2025-01-07,23.8799991607666,23.8799991607666,25.72800064086914,23.520000457763672,24.959999084472656,55342
2025-01-08,22.440000534057617,22.440000534057617,24.215999603271484,21.479999542236328,23.639999389648438,40483
2025-01-10,20.81999969482422,20.81999969482422,22.775999069213867,20.040000915527344,22.68000030517578,29825
2025-01-13,20.760000228881836,20.760000228881836,21.84000015258789,19.440000534057617,20.399999618530273,39717
2025-01-14,21.1200008392334,21.1200008392334,21.479999542236328,20.280000686645508,20.760000228881836,17150
2025-01-15,20.760000228881836,20.760000228881836,21.851999282836914,20.459999084472656,21.479999542236328,19683
2025-01-16,19.920000076293945,19.920000076293945,21.1200008392334,19.799999237060547,21.1200008392334,15433
2025-01-17,20.760000228881836,20.760000228881836,21.0,19.799999237060547,19.799999237060547,9833
2025-01-21,20.15999984741211,20.15999984741211,21.336000442504883,19.920000076293945,21.0,12125
2025-01-22,19.440000534057617,19.440000534057617,20.700000762939453,18.959999084472656,19.799999237060547,13475
2025-01-23,19.68000030517578,19.68000030517578,20.040000915527344,18.84000015258789,19.200000762939453,9100
2025-01-24,20.15999984741211,20.15999984741211,21.0,19.440000534057617,19.440000534057617,16933
2025-01-27,18.600000381469727,18.600000381469727,20.520000457763672,18.479999542236328,19.440000534057617,9942
2025-01-28,18.600000381469727,18.600000381469727,19.020000457763672,17.760000228881836,18.360000610351562,11517
2025-01-29,18.600000381469727,18.600000381469727,18.84000015258789,18.0,18.0,11467
2025-01-30,18.1200008392334,18.1200008392334,18.719999313354492,18.059999465942383,18.600000381469727,5667
2025-01-31,16.68000030517578,16.68000030517578,18.408000946044922,16.200000762939453,18.0,23908
2025-02-03,16.200000762939453,16.200000762939453,16.68000030517578,16.200000762939453,16.440000534057617,6125
2025-02-04,16.200000762939453,16.200000762939453,16.68000030517578,15.84000015258789,16.200000762939453,7258
2025-02-05,16.559999465942383,16.559999465942383,16.68000030517578,15.84000015258789,16.200000762939453,8650
2025-02-06,16.559999465942383,16.559999465942383,16.93199920654297,15.960000038146973,16.559999465942383,5492
2025-02-07,16.920000076293945,16.920000076293945,17.399999618530273,16.200000762939453,16.200000762939453,7083
2025-02-10,16.440000534057617,16.440000534057617,16.799999237060547,16.31999969482422,16.799999237060547,2833
2025-02-11,17.040000915527344,17.040000915527344,18.0,16.31999969482422,16.68000030517578,12383
2025-02-12,17.15999984741211,17.15999984741211,17.520000457763672,16.68000030517578,16.799999237060547,4083
2025-02-13,16.68000030517578,16.68000030517578,16.908000946044922,15.960000038146973,15.960000038146973,8525
2025-02-14,17.399999618530273,17.399999618530273,17.639999389648438,16.559999465942383,16.559999465942383,8983
2025-02-18,17.639999389648438,17.639999389648438,18.323999404907227,16.920000076293945,16.920000076293945,5442
2025-02-19,17.15999984741211,17.15999984741211,17.964000701904297,16.979999542236328,17.280000686645508,4558
2025-02-20,16.799999237060547,16.799999237060547,17.100000381469727,16.799999237060547,16.799999237060547,3300
2025-02-21,17.280000686645508,17.280000686645508,17.639999389648438,16.799999237060547,16.799999237060547,5183
2025-02-24,16.31999969482422,16.31999969482422,17.052000045776367,16.31999969482422,16.920000076293945,2508
2025-02-25,16.079999923706055,16.079999923706055,16.968000411987305,15.720000267028809,16.200000762939453,6058
2025-02-26,15.239999771118164,15.239999771118164,16.31999969482422,15.239999771118164,15.84000015258789,6417
2025-02-27,13.859999656677246,13.859999656677246,15.239999771118164,12.84000015258789,15.239999771118164,27617
2025-02-28,13.680000305175781,13.680000305175781,14.039999961853027,13.319999694824219,13.5600004196167,5275
2025-03-03,12.720000267028809,12.720000267028809,14.15999984741211,12.720000267028809,13.4399995803833,6475
2025-03-04,11.880000114440918,11.880000114440918,12.420000076293945,10.944000244140625,12.119999885559082,21408
2025-03-05,12.119999885559082,12.119999885559082,12.720000267028809,11.411999702453613,12.0,14333
2025-03-06,11.760000228881836,11.760000228881836,12.479999542236328,11.699999809265137,12.119999885559082,4858
2025-03-07,11.399999618530273,11.399999618530273,12.0,10.920000076293945,11.760000228881836,5825
2025-03-10,11.039999961853027,11.039999961853027,11.399999618530273,10.571999549865723,11.399999618530273,7183
2025-03-11,10.907999992370605,10.907999992370605,11.015999794006348,10.48799991607666,10.824000358581543,3242
2025-03-12,10.836000442504883,10.836000442504883,11.232000350952148,10.800000190734863,11.039999961853027,3250
2025-03-13,10.5600004196167,10.5600004196167,11.027999877929688,10.380000114440918,10.680000305175781,5442
2025-03-14,11.039999961853027,11.039999961853027,11.039999961853027,10.428000450134277,10.800000190734863,3858
2025-03-17,11.98799991607666,11.98799991607666,12.0,10.836000442504883,11.039999961853027,12567
2025-03-18,11.640000343322754,11.640000343322754,12.0,11.531999588012695,12.0,4908
2025-03-19,11.760000228881836,11.760000228881836,12.0,10.920000076293945,11.98799991607666,2267
2025-03-20,12.239999771118164,12.239999771118164,12.479999542236328,11.315999984741211,11.520000457763672,6267
2025-03-21,12.239999771118164,12.239999771118164,12.600000381469727,11.880000114440918,12.119999885559082,7050
2025-03-24,12.0,12.0,12.960000038146973,11.807999610900879,12.779999732971191,5733
2025-03-25,12.720000267028809,12.720000267028809,12.960000038146973,12.119999885559082,12.84000015258789,4717
2025-03-26,12.239999771118164,12.239999771118164,12.720000267028809,12.119999885559082,12.720000267028809,2092
2025-03-27,12.600000381469727,12.600000381469727,12.960000038146973,11.807999610900879,12.239999771118164,4567
2025-03-28,11.32800006866455,11.32800006866455,12.84000015258789,11.279999732971191,12.359999656677246,10667
2025-03-31,11.32800006866455,11.32800006866455,11.520000457763672,10.331999778747559,10.680000305175781,4675
2025-04-01,11.027999877929688,11.027999877929688,11.892000198364258,10.800000190734863,11.892000198364258,3667
2025-04-02,10.800000190734863,10.800000190734863,11.279999732971191,10.571999549865723,10.800000190734863,2150
2025-04-03,10.5600004196167,10.5600004196167,11.196000099182129,10.380000114440918,10.800000190734863,3750
2025-04-04,9.359999656677246,9.359999656677246,10.763999938964844,8.496000289916992,10.223999977111816,9258
2025-04-07,9.0,9.0,9.02400016784668,8.17199993133545,8.760000228881836,4708
2025-04-08,8.291999816894531,8.291999816894531,9.0,8.279999732971191,8.868000030517578,5125
2025-04-09,9.324000358581543,9.324000358581543,9.791999816894531,8.003999710083008,8.17199993133545,6308
2025-04-10,8.904000282287598,8.904000282287598,9.479999542236328,8.880000114440918,9.468000411987305,1867
2025-04-11,9.84000015258789,9.84000015258789,10.260000228881836,8.904000282287598,9.192000389099121,2358
2025-04-14,10.284000396728516,10.284000396728516,10.5600004196167,10.079999923706055,10.319999694824219,3017
2025-04-15,10.128000259399414,10.128000259399414,10.5600004196167,10.128000259399414,10.199999809265137,1358
2025-04-16,10.380000114440918,10.380000114440918,10.920000076293945,9.708000183105469,9.85200023651123,925
2025-04-17,10.199999809265137,10.199999809265137,10.5600004196167,9.539999961853027,10.5600004196167,2533
2025-04-21,10.163999557495117,10.163999557495117,10.199999809265137,8.892000198364258,10.199999809265137,2775
2025-04-22,9.815999984741211,9.815999984741211,10.163999557495117,9.696000099182129,10.163999557495117,1000
2025-04-23,10.800000190734863,10.800000190734863,11.088000297546387,9.84000015258789,11.088000297546387,1217
2025-04-24,11.460000038146973,11.460000038146973,11.760000228881836,10.079999923706055,10.5600004196167,4008
2025-04-25,11.35200023651123,11.35200023651123,11.880000114440918,10.800000190734863,11.880000114440918,4242
2025-04-28,11.196000099182129,11.196000099182129,11.760000228881836,11.015999794006348,11.760000228881836,1758
2025-04-29,11.208000183105469,11.208000183105469,11.748000144958496,11.039999961853027,11.267999649047852,1750
2025-04-30,10.5,10.5,11.399999618530273,10.187999725341797,11.244000434875488,5125
2025-05-01,10.680000305175781,10.680000305175781,10.739999771118164,10.331999778747559,10.331999778747559,1092
2025-05-02,10.920000076293945,10.920000076293945,11.15999984741211,10.5600004196167,11.15999984741211,2000
2025-05-05,10.788000106811523,10.788000106811523,11.37600040435791,10.607999801635742,11.37600040435791,1975
2025-05-06,9.911999702453613,9.911999702453613,11.15999984741211,9.911999702453613,10.920000076293945,3925
2025-05-07,10.392000198364258,10.392000198364258,10.788000106811523,10.031999588012695,10.788000106811523,2658
2025-05-08,11.039999961853027,11.039999961853027,11.399999618530273,10.380000114440918,11.027999877929688,9175
2025-05-09,12.119999885559082,12.119999885559082,12.359999656677246,10.800000190734863,10.800000190734863,17775
2025-05-12,11.9399995803833,11.9399995803833,12.359999656677246,11.760000228881836,12.359999656677246,3567
2025-05-13,12.600000381469727,12.600000381469727,13.4399995803833,11.760000228881836,11.760000228881836,37392
2025-05-14,12.119999885559082,12.119999885559082,12.84000015258789,11.604000091552734,12.84000015258789,8967
2025-05-15,11.760000228881836,11.760000228881836,12.479999542236328,11.196000099182129,11.760000228881836,8083
2025-05-16,11.399999618530273,11.399999618530273,12.0,11.220000267028809,11.520000457763672,4358
2025-05-19,9.119999885559082,9.119999885559082,12.0,7.199999809265137,11.399999618530273,22792
2025-05-20,10.751999855041504,10.751999855041504,10.751999855041504,8.579999923706055,8.95199966430664,353975
2025-05-21,9.071999549865723,9.071999549865723,9.86400032043457,8.184000015258789,9.359999656677246,44158
2025-05-22,9.420000076293945,9.420000076293945,9.65999984741211,8.807999610900879,8.96399974822998,13042
2025-05-23,9.779999732971191,9.779999732971191,9.84000015258789,9.0,9.239999771118164,8200
2025-05-27,10.020000457763672,10.020000457763672,10.4399995803833,9.407999992370605,9.84000015258789,3433
2025-05-28,9.84000015258789,9.84000015258789,10.199999809265137,9.767999649047852,9.960000038146973,4733
2025-05-29,10.199999809265137,10.199999809265137,10.368000030517578,9.84000015258789,10.079999923706055,8850
2025-05-30,10.883999824523926,10.883999824523926,11.687999725341797,9.720000267028809,9.899999618530273,12608
2025-06-02,11.315999984741211,11.315999984741211,11.640000343322754,10.4399995803833,11.196000099182129,3683
2025-06-03,10.812000274658203,10.812000274658203,11.15999984741211,10.45199966430664,11.064000129699707,2625
2025-06-04,11.15999984741211,11.15999984741211,11.399999618530273,10.571999549865723,11.279999732971191,2142
2025-06-05,10.800000190734863,10.800000190734863,11.399999618530273,10.5600004196167,10.788000106811523,2067
2025-06-06,11.520000457763672,11.520000457763672,11.760000228881836,10.836000442504883,11.399999618530273,2583
2025-06-09,11.32800006866455,11.32800006866455,11.928000450134277,11.15999984741211,11.772000312805176,6358
2025-06-10,11.675999641418457,11.675999641418457,12.0,11.279999732971191,11.567999839782715,10975
2025-06-11,11.760000228881836,11.760000228881836,11.880000114440918,11.35200023651123,11.640000343322754,2950
2025-06-12,11.555999755859375,11.555999755859375,11.760000228881836,11.34000015258789,11.447999954223633,1842
2025-06-13,11.220000267028809,11.220000267028809,12.0,10.907999992370605,12.0,6383
2025-06-16,11.279999732971191,11.279999732971191,11.399999618530273,10.920000076293945,10.920000076293945,2892
2025-06-17,10.859999656677246,10.859999656677246,11.279999732971191,10.704000473022461,11.279999732971191,2508
2025-06-18,11.267999649047852,11.267999649047852,11.267999649047852,10.4399995803833,10.4399995803833,783
2025-06-20,10.52400016784668,10.52400016784668,11.640000343322754,10.52400016784668,10.595999717712402,5575
2025-06-23,10.619999885559082,10.619999885559082,11.267999649047852,10.47599983215332,10.800000190734863,1492
2025-06-24,10.788000106811523,10.788000106811523,11.244000434875488,10.619999885559082,10.680000305175781,2483
2025-06-25,10.319999694824219,10.319999694824219,11.592000007629395,9.720000267028809,11.592000007629395,5275
2025-06-26,11.208000183105469,11.208000183105469,11.32800006866455,10.319999694824219,10.800000190734863,5583
2025-06-27,10.319999694824219,10.319999694824219,11.640000343322754,9.479999542236328,10.871999740600586,9442
2025-06-30,10.920000076293945,10.920000076293945,11.387999534606934,10.319999694824219,10.319999694824219,9550
2025-07-01,10.920000076293945,10.920000076293945,11.460000038146973,10.920000076293945,10.920000076293945,2892
2025-07-02,11.267999649047852,11.267999649047852,11.460000038146973,10.583999633789062,11.039999961853027,1433
2025-07-03,10.920000076293945,10.920000076293945,11.435999870300293,10.812000274658203,10.812000274658203,775
2025-07-07,10.644000053405762,10.644000053405762,11.399999618530273,10.199999809265137,10.920000076293945,3742
2025-07-08,10.920000076293945,10.920000076293945,11.460000038146973,10.199999809265137,10.199999809265137,2867
2025-07-09,10.680000305175781,10.680000305175781,11.039999961853027,10.4399995803833,11.039999961853027,1417
2025-07-10,10.920000076293945,10.920000076293945,10.968000411987305,10.4399995803833,10.4399995803833,3967
2025-07-11,10.920000076293945,10.920000076293945,10.956000328063965,10.595999717712402,10.812000274658203,1392
2025-07-14,10.800000190734863,10.800000190734863,10.920000076293945,10.5600004196167,10.5600004196167,667
2025-07-15,10.680000305175781,10.680000305175781,10.800000190734863,10.583999633789062,10.800000190734863,1508
2025-07-16,10.895999908447266,10.895999908447266,10.920000076293945,10.4399995803833,10.4399995803833,4300
2025-07-17,12.479999542236328,12.479999542236328,13.079999923706055,10.4399995803833,10.5600004196167,19800
2025-07-18,18.959999084472656,18.959999084472656,19.200000762939453,13.920000076293945,15.720000267028809,4536833
2025-07-21,17.520000457763672,17.520000457763672,21.239999771118164,15.600000381469727,16.31999969482422,234017
2025-07-22,16.440000534057617,16.440000534057617,18.600000381469727,15.600000381469727,16.799999237060547,40117
2025-07-23,16.68000030517578,16.68000030517578,17.15999984741211,15.479999542236328,17.040000915527344,23350
2025-07-24,17.040000915527344,17.040000915527344,17.760000228881836,16.079999923706055,16.200000762939453,21008
2025-07-25,17.280000686645508,17.280000686645508,18.0,16.812000274658203,17.520000457763672,7767
2025-07-28,15.600000381469727,15.600000381469727,17.423999786376953,15.600000381469727,17.040000915527344,13608
2025-07-29,16.440000534057617,16.440000534057617,16.559999465942383,13.319999694824219,15.359999656677246,19475
2025-07-30,14.399999618530273,14.399999618530273,16.079999923706055,14.35200023651123,16.079999923706055,13142
2025-07-31,14.039999961853027,14.039999961853027,14.460000038146973,13.800000190734863,14.15999984741211,7317
2025-08-01,13.5600004196167,13.5600004196167,14.100000381469727,13.199999809265137,13.800000190734863,6617
2025-08-04,13.800000190734863,13.800000190734863,13.800000190734863,13.079999923706055,13.199999809265137,9583
2025-08-05,13.4399995803833,13.4399995803833,14.399999618530273,13.260000228881836,13.800000190734863,5092
2025-08-06,13.319999694824219,13.319999694824219,13.800000190734863,13.104000091552734,13.5600004196167,2958
2025-08-07,13.199999809265137,13.199999809265137,13.5,13.008000373840332,13.319999694824219,3758
2025-08-08,13.199999809265137,13.199999809265137,13.4399995803833,12.960000038146973,13.4399995803833,3000
2025-08-11,13.920000076293945,13.920000076293945,14.279999732971191,13.331999778747559,13.800000190734863,3425
2025-08-12,14.15999984741211,14.15999984741211,14.520000457763672,13.800000190734863,13.800000190734863,2317
2025-08-13,15.720000267028809,15.720000267028809,16.079999923706055,14.399999618530273,14.399999618530273,1428200
2025-08-14,24.239999771118164,24.239999771118164,66.0,23.15999984741211,43.91999816894531,32576367
2025-08-15,22.200000762939453,22.200000762939453,24.600000381469727,20.399999618530273,23.399999618530273,798467
2025-08-18,21.239999771118164,21.239999771118164,26.520000457763672,21.239999771118164,25.079999923706055,511258
2025-08-19,20.520000457763672,20.520000457763672,22.139999389648438,19.200000762939453,21.360000610351562,200217
2025-08-20,18.719999313354492,18.719999313354492,20.8799991607666,17.8799991607666,20.399999618530273,107375
2025-08-21,18.360000610351562,18.360000610351562,18.959999084472656,17.760000228881836,17.8799991607666,185233
2025-08-22,21.479999542236328,21.479999542236328,22.559999465942383,19.920000076293945,20.520000457763672,1093758
2025-08-25,19.68000030517578,19.68000030517578,21.18000030517578,19.559999465942383,20.280000686645508,99117
2025-08-26,19.079999923706055,19.079999923706055,19.75200080871582,18.479999542236328,19.440000534057617,65867
2025-08-27,19.920000076293945,19.920000076293945,20.399999618530273,19.200000762939453,19.31999969482422,60375
2025-08-28,19.440000534057617,19.440000534057617,20.520000457763672,19.440000534057617,19.559999465942383,37167
2025-08-29,18.0,18.0,19.31999969482422,18.0,19.200000762939453,54433
2025-09-02,15.960000038146973,15.960000038146973,17.639999389648438,15.0,17.15999984741211,96850
2025-09-03,17.280000686645508,17.280000686645508,17.639999389648438,16.440000534057617,16.559999465942383,48408
2025-09-04,15.239999771118164,15.239999771118164,17.520000457763672,13.319999694824219,16.68000030517578,99825
2025-09-05,14.880000114440918,14.880000114440918,15.564000129699707,14.640000343322754,15.0,30033
2025-09-08,14.520000457763672,14.520000457763672,15.119999885559082,14.15999984741211,14.520000457763672,52792
2025-09-09,14.279999732971191,14.279999732971191,15.119999885559082,13.907999992370605,14.039999961853027,43300
2025-09-10,14.640000343322754,14.640000343322754,14.760000228881836,13.800000190734863,14.039999961853027,50008
2025-09-11,17.639999389648438,17.639999389648438,17.8799991607666,14.640000343322754,14.760000228881836,127800
2025-09-12,14.880000114440918,14.880000114440918,17.639999389648438,14.640000343322754,17.040000915527344,63975
2025-09-15,14.880000114440918,14.880000114440918,15.600000381469727,14.760000228881836,14.880000114440918,22350
2025-09-16,15.239999771118164,15.239999771118164,15.564000129699707,14.760000228881836,14.760000228881836,25708
2025-09-17,14.640000343322754,14.640000343322754,15.192000389099121,14.520000457763672,14.640000343322754,32733
2025-09-18,15.0,15.0,15.119999885559082,14.760000228881836,14.760000228881836,22625
2025-09-19,15.239999771118164,15.239999771118164,15.468000411987305,14.760000228881836,15.0,22142
2025-09-22,18.959999084472656,18.959999084472656,19.920000076293945,16.31999969482422,16.799999237060547,366458
2025-09-23,15.84000015258789,15.84000015258789,18.239999771118164,15.720000267028809,17.639999389648438,317592
2025-09-24,20.8799991607666,20.8799991607666,24.600000381469727,19.920000076293945,21.719999313354492,3075283
2025-09-25,17.760000228881836,17.760000228881836,20.280000686645508,17.760000228881836,19.68000030517578,207708
2025-09-26,17.760000228881836,17.760000228881836,20.040000915527344,17.639999389648438,18.1200008392334,103242
2025-09-29,17.280000686645508,17.280000686645508,18.959999084472656,17.15999984741211,17.280000686645508,86350
2025-09-30,17.280000686645508,17.280000686645508,18.1200008392334,16.31999969482422,16.799999237060547,88767
2025-10-01,18.360000610351562,18.360000610351562,18.84000015258789,17.520000457763672,17.8799991607666,73558
2025-10-02,18.360000610351562,18.360000610351562,18.360000610351562,17.808000564575195,18.1200008392334,35542
2025-10-03,20.15999984741211,20.15999984741211,21.600000381469727,18.1200008392334,18.1200008392334,181750
2025-10-06,18.84000015258789,18.84000015258789,20.15999984741211,18.600000381469727,20.040000915527344,76808
2025-10-07,18.239999771118164,18.239999771118164,19.68000030517578,18.0,19.200000762939453,58417
2025-10-08,17.760000228881836,17.760000228881836,18.1200008392334,17.639999389648438,18.0,34350
2025-10-09,18.0,18.0,18.719999313354492,17.81999969482422,17.8799991607666,35592
2025-10-10,16.440000534057617,16.440000534057617,18.1200008392334,16.079999923706055,18.0,78417
2025-10-13,20.280000686645508,20.280000686645508,21.239999771118164,16.799999237060547,16.799999237060547,428200
2025-10-14,19.200000762939453,19.200000762939453,20.399999618530273,16.799999237060547,19.31999969482422,201783
2025-10-15,18.239999771118164,18.239999771118164,20.639999389648438,18.0,19.440000534057617,79800
2025-10-16,18.0,18.0,19.559999465942383,17.399999618530273,18.479999542236328,65808
2025-10-17,18.239999771118164,18.239999771118164,18.600000381469727,16.920000076293945,18.600000381469727,71358
2025-10-20,18.719999313354492,18.719999313354492,19.139999389648438,18.239999771118164,18.239999771118164,33783
2025-10-21,17.760000228881836,17.760000228881836,19.139999389648438,17.760000228881836,18.719999313354492,38650
2025-10-22,16.68000030517578,16.68000030517578,17.639999389648438,16.079999923706055,17.399999618530273,49333
2025-10-23,17.15999984741211,17.15999984741211,17.399999618530273,16.68000030517578,16.68000030517578,17442
2025-10-24,16.440000534057617,16.440000534057617,17.327999114990234,16.31999969482422,17.15999984741211,33658
2025-10-27,16.31999969482422,16.31999969482422,16.788000106811523,16.139999389648438,16.440000534057617,19508
2025-10-28,16.68000030517578,16.68000030517578,17.15999984741211,16.31999969482422,16.559999465942383,22450
2025-10-29,16.440000534057617,16.440000534057617,16.920000076293945,16.440000534057617,16.440000534057617,14800
2025-10-30,15.359999656677246,15.359999656677246,16.440000534057617,15.239999771118164,16.440000534057617,32350
2025-10-31,16.079999923706055,16.079999923706055,16.799999237060547,15.359999656677246,15.359999656677246,13458
2025-11-03,15.720000267028809,15.720000267028809,16.079999923706055,15.359999656677246,15.960000038146973,12317
2025-11-04,14.880000114440918,14.880000114440918,15.600000381469727,14.640000343322754,15.359999656677246,20183
2025-11-05,14.880000114440918,14.880000114440918,15.479999542236328,14.760000228881836,14.880000114440918,16358
2025-11-06,14.15999984741211,14.15999984741211,15.239999771118164,13.800000190734863,14.880000114440918,21692
2025-11-07,13.920000076293945,13.920000076293945,14.15999984741211,13.319999694824219,13.680000305175781,15117
2025-11-10,15.119999885559082,15.119999885559082,15.779999732971191,14.039999961853027,14.399999618530273,25967
2025-11-11,15.239999771118164,15.239999771118164,15.359999656677246,14.640000343322754,14.760000228881836,18950
2025-11-12,15.239999771118164,15.239999771118164,15.479999542236328,14.760000228881836,15.239999771118164,10700
2025-11-13,15.239999771118164,15.239999771118164,15.960000038146973,14.760000228881836,15.0,588575
2025-11-14,13.920000076293945,13.920000076293945,19.200000762939453,13.583999633789062,19.079999923706055,2324983
2025-11-17,13.199999809265137,13.199999809265137,14.520000457763672,12.720000267028809,12.960000038146973,137808
2025-11-18,12.119999885559082,12.119999885559082,12.899999618530273,12.119999885559082,12.84000015258789,45033
2025-11-19,12.239999771118164,12.239999771118164,13.199999809265137,11.880000114440918,11.880000114440918,47983
2025-11-20,12.239999771118164,12.239999771118164,12.84000015258789,12.119999885559082,12.600000381469727,25633
2025-11-21,13.5600004196167,13.5600004196167,13.920000076293945,12.0,12.239999771118164,112258
2025-11-24,12.84000015258789,12.84000015258789,13.4399995803833,12.539999961853027,13.4399995803833,27558
2025-11-25,13.079999923706055,13.079999923706055,13.680000305175781,12.479999542236328,12.84000015258789,48992
2025-11-26,13.800000190734863,13.800000190734863,14.039999961853027,12.960000038146973,13.079999923706055,54125
2025-11-28,13.920000076293945,13.920000076293945,14.220000267028809,13.715999603271484,13.920000076293945,23467
2025-12-01,13.079999923706055,13.079999923706055,13.800000190734863,12.84000015258789,13.800000190734863,22442
2025-12-02,13.680000305175781,13.680000305175781,13.680000305175781,12.84000015258789,12.960000038146973,15575
2025-12-03,14.039999961853027,14.039999961853027,14.15999984741211,13.4399995803833,13.680000305175781,19667
2025-12-04,14.880000114440918,14.880000114440918,14.880000114440918,13.800000190734863,14.039999961853027,28458
2025-12-05,14.399999618530273,14.399999618530273,14.9399995803833,14.279999732971191,14.760000228881836,23500
2025-12-08,14.520000457763672,14.520000457763672,14.880000114440918,13.979999542236328,14.640000343322754,21883
2025-12-09,14.760000228881836,14.760000228881836,15.0,14.34000015258789,14.520000457763672,15092
2025-12-10,14.760000228881836,14.760000228881836,15.119999885559082,14.460000038146973,14.760000228881836,15108
2025-12-11,13.920000076293945,13.920000076293945,14.640000343322754,13.920000076293945,14.520000457763672,11192
2025-12-12,12.600000381469727,12.600000381469727,14.35200023651123,12.600000381469727,13.920000076293945,26350
2025-12-15,11.760000228881836,11.760000228881836,12.815999984741211,11.760000228881836,12.600000381469727,25733
2025-12-16,11.279999732971191,11.279999732971191,11.748000144958496,10.680000305175781,10.920000076293945,16533
2025-12-17,10.595999717712402,10.595999717712402,11.520000457763672,10.595999717712402,11.267999649047852,13525
2025-12-18,10.45199966430664,10.45199966430664,11.15999984741211,9.899999618530273,10.4399995803833,18050
2025-12-19,10.656000137329102,10.656000137329102,11.039999961853027,10.152000427246094,10.199999809265137,21658
2025-12-22,10.776000022888184,10.776000022888184,11.015999794006348,10.319999694824219,10.54800033569336,16433
2025-12-23,10.380000114440918,10.380000114440918,10.800000190734863,9.960000038146973,10.656000137329102,17808
2025-12-24,10.284000396728516,10.284000396728516,10.4399995803833,10.079999923706055,10.4399995803833,5667
2025-12-26,9.84000015258789,9.84000015258789,10.404000282287598,9.612000465393066,10.404000282287598,19850
2025-12-29,8.97599983215332,8.97599983215332,9.755999565124512,8.760000228881836,9.600000381469727,31258
2025-12-30,8.663999557495117,8.663999557495117,9.239999771118164,8.640000343322754,9.239999771118164,13317
2025-12-31,8.13599967956543,8.13599967956543,8.843999862670898,7.955999851226807,8.472000122070312,33800
2026-01-02,9.720000267028809,9.720000267028809,9.720000267028809,8.579999923706055,8.784000396728516,19275
2026-01-05,9.972000122070312,9.972000122070312,10.53600025177002,9.84000015258789,10.079999923706055,22583
2026-01-06,10.836000442504883,10.836000442504883,10.836000442504883,9.960000038146973,10.199999809265137,12100
2026-01-07,10.631999969482422,10.631999969482422,11.15999984741211,10.4399995803833,11.15999984741211,10892
2026-01-08,10.800000190734863,10.800000190734863,10.800000190734863,10.140000343322754,10.45199966430664,10542
2026-01-09,10.800000190734863,10.800000190734863,11.039999961853027,10.583999633789062,10.979999542236328,8117
2026-01-12,11.003999710083008,11.003999710083008,11.015999794006348,10.5600004196167,10.920000076293945,7800
2026-01-13,11.13599967956543,11.13599967956543,11.15999984741211,10.5600004196167,11.15999984741211,13967
2026-01-14,11.15999984741211,11.15999984741211,11.399999618530273,10.800000190734863,11.399999618530273,9483
2026-01-15,11.039999961853027,11.039999961853027,11.15999984741211,10.812000274658203,11.15999984741211,7567
2026-01-16,11.039999961853027,11.039999961853027,11.255999565124512,11.015999794006348,11.15999984741211,10017
2026-01-20,10.355999946594238,10.355999946594238,11.052000045776367,10.163999557495117,11.039999961853027,15758
2026-01-21,9.984000205993652,9.984000205993652,10.52400016784668,9.67199993133545,10.236000061035156,10658
2026-01-22,10.751999855041504,10.751999855041504,10.751999855041504,9.86400032043457,9.86400032043457,9000
2026-01-23,10.944000244140625,10.944000244140625,11.520000457763672,10.5600004196167,10.800000190734863,49933
2026-01-26,10.187999725341797,10.187999725341797,11.279999732971191,9.84000015258789,11.279999732971191,31117
2026-01-27,10.272000312805176,10.272000312805176,10.319999694824219,9.62399959564209,9.972000122070312,20333
2026-01-28,10.824000358581543,10.824000358581543,11.35200023651123,9.887999534606934,10.5600004196167,2518675
2026-01-29,10.079999923706055,10.079999923706055,13.319999694824219,9.84000015258789,13.319999694824219,2257958
2026-01-30,9.491999626159668,9.491999626159668,9.539999961853027,8.723999977111816,9.395999908447266,124225
2026-02-02,9.395999908447266,9.395999908447266,9.491999626159668,8.760000228881836,8.880000114440918,57542
2026-02-03,9.227999687194824,9.227999687194824,9.239999771118164,8.531999588012695,8.904000282287598,38183
2026-02-04,8.9399995803833,8.9399995803833,9.01200008392334,8.291999816894531,9.01200008392334,36783
2026-02-05,9.119999885559082,9.119999885559082,9.119999885559082,8.100000381469727,9.0,66892
2026-02-06,9.359999656677246,9.359999656677246,9.564000129699707,8.640000343322754,8.892000198364258,36942
2026-02-09,9.791999816894531,9.791999816894531,9.84000015258789,8.9399995803833,9.02400016784668,34425
2026-02-10,9.960000038146973,9.960000038146973,10.008000373840332,9.263999938964844,9.923999786376953,26192
2026-02-11,9.815999984741211,9.815999984741211,9.84000015258789,9.180000305175781,9.720000267028809,22025
2026-02-12,8.868000030517578,8.868000030517578,9.527999877929688,8.819999694824219,9.515999794006348,23217
2026-02-13,9.276000022888184,9.276000022888184,9.600000381469727,8.675999641418457,9.600000381469727,22575
2026-02-17,8.98799991607666,8.98799991607666,9.359999656677246,8.291999816894531,9.119999885559082,20242
2026-02-18,9.168000221252441,9.168000221252441,9.168000221252441,8.652000427246094,8.904000282287598,11450
2026-02-19,8.880000114440918,8.880000114440918,9.0,8.531999588012695,8.868000030517578,19242
2026-02-20,8.699999809265137,8.699999809265137,8.843999862670898,8.34000015258789,8.843999862670898,20317
2026-02-23,8.100000381469727,8.100000381469727,8.640000343322754,7.823999881744385,8.520000457763672,23442
2026-02-24,8.208000183105469,8.208000183105469,8.604000091552734,7.980000019073486,8.15999984741211,26542
2026-02-25,8.399999618530273,8.399999618530273,8.508000373840332,8.15999984741211,8.399999618530273,11783
2026-02-26,8.36400032043457,8.36400032043457,8.640000343322754,8.279999732971191,8.399999618530273,9642
2026-02-27,7.872000217437744,7.872000217437744,8.35200023651123,7.739999771118164,8.279999732971191,15600
2026-03-02,7.788000106811523,7.788000106811523,7.895999908447266,7.368000030517578,7.452000141143799,19142
2026-03-03,7.788000106811523,7.788000106811523,8.039999961853027,7.343999862670898,7.464000225067139,16317
2026-03-04,8.34000015258789,8.34000015258789,8.508000373840332,7.691999912261963,7.835999965667725,18758
2026-03-05,8.880000114440918,8.880000114440918,9.192000389099121,8.17199993133545,8.35200023651123,29767
2026-03-06,8.472000122070312,8.472000122070312,8.855999946594238,8.279999732971191,8.855999946594238,11617
2026-03-09,8.616000175476074,8.616000175476074,8.616000175476074,7.932000160217285,8.520000457763672,15525
2026-03-10,8.520000457763672,8.520000457763672,8.760000228881836,8.37600040435791,8.663999557495117,8758
2026-03-11,8.604000091552734,8.604000091552734,8.640000343322754,8.279999732971191,8.520000457763672,11008
2026-03-12,8.184000015258789,8.184000015258789,8.880000114440918,8.12399959564209,8.748000144958496,17708
2026-03-13,8.088000297546387,8.088000297546387,8.399999618530273,8.039999961853027,8.303999900817871,12400
2026-03-16,8.460000038146973,8.460000038146973,8.460000038146973,7.920000076293945,8.267999649047852,10425
2026-03-17,7.8480000495910645,7.8480000495910645,8.687999725341797,7.559999942779541,8.640000343322754,64500
2026-03-18,7.355999946594238,7.355999946594238,7.5960001945495605,6.960000038146973,7.559999942779541,32575
2026-03-19,7.223999977111816,7.223999977111816,7.440000057220459,6.960000038146973,7.355999946594238,20183
2026-03-20,6.840000152587891,6.840000152587891,7.260000228881836,6.671999931335449,7.260000228881836,32608
2026-03-23,7.547999858856201,7.547999858856201,7.547999858856201,6.840000152587891,7.007999897003174,19700
2026-03-24,7.800000190734863,7.800000190734863,7.800000190734863,7.211999893188477,7.547999858856201,9583
2026-03-25,7.48799991607666,7.48799991607666,8.15999984741211,7.271999835968018,8.15999984741211,12633
2026-03-26,7.199999809265137,7.199999809265137,7.48799991607666,6.960000038146973,7.440000057220459,12775
2026-03-27,6.708000183105469,6.708000183105469,7.104000091552734,6.5279998779296875,7.104000091552734,18275
2026-03-30,5.940000057220459,5.940000057220459,6.960000038146973,5.9039998054504395,6.71999979019165,28433
2026-03-31,6.828000068664551,6.828000068664551,6.960000038146973,6.156000137329102,6.156000137329102,21075
2026-04-01,6.803999900817871,6.803999900817871,7.079999923706055,6.803999900817871,6.8520002365112305,17925
2026-04-02,7.1519999504089355,7.1519999504089355,7.320000171661377,6.684000015258789,6.947999954223633,17242
2026-04-06,7.619999885559082,7.619999885559082,7.788000106811523,7.211999893188477,7.355999946594238,14975
2026-04-07,7.51200008392334,7.51200008392334,7.691999912261963,7.343999862670898,7.691999912261963,17575
2026-04-08,7.920000076293945,7.920000076293945,7.980000019073486,7.48799991607666,7.800000190734863,23083
2026-04-09,8.279999732971191,8.279999732971191,8.279999732971191,7.739999771118164,7.980000019073486,11008
2026-04-10,8.399999618530273,8.399999618530273,8.399999618530273,7.800000190734863,8.196000099182129,12217
2026-04-13,8.555999755859375,8.555999755859375,8.640000343322754,7.811999797821045,8.399999618530273,19817
2026-04-14,9.0,9.0,9.0,8.411999702453613,8.543999671936035,12725
2026-04-15,9.312000274658203,9.312000274658203,9.347999572753906,8.663999557495117,8.96399974822998,21267
2026-04-16,9.300000190734863,9.300000190734863,9.479999542236328,8.916000366210938,9.215999603271484,9658
2026-04-17,9.960000038146973,9.960000038146973,10.199999809265137,9.131999969482422,9.359999656677246,31567
2026-04-20,9.755999565124512,9.755999565124512,9.935999870300293,9.359999656677246,9.935999870300293,9725
2026-04-21,9.227999687194824,9.227999687194824,9.84000015258789,9.0600004196167,9.84000015258789,13583
2026-04-22,8.675999641418457,8.675999641418457,9.263999938964844,8.640000343322754,9.144000053405762,20067
2026-04-23,8.399999618530273,8.399999618530273,9.0,8.039999961853027,8.880000114440918,20217
2026-04-24,8.760000228881836,8.760000228881836,8.760000228881836,8.039999961853027,8.652000427246094,9025
2026-04-27,9.02400016784668,9.02400016784668,9.02400016784668,8.652000427246094,8.760000228881836,10517
2026-04-28,8.484000205993652,8.484000205993652,8.916000366210938,8.460000038146973,8.663999557495117,6108
2026-04-29,8.399999618530273,8.399999618530273,8.760000228881836,8.279999732971191,8.687999725341797,10208
2026-04-30,8.15999984741211,8.15999984741211,8.411999702453613,7.860000133514404,8.399999618530273,9125
2026-05-01,8.411999702453613,8.411999702453613,8.640000343322754,8.255999565124512,8.279999732971191,7833
2026-05-04,8.508000373840332,8.508000373840332,8.699999809265137,8.279999732971191,8.567999839782715,8442
2026-05-05,8.052000045776367,8.052000045776367,8.508000373840332,7.800000190734863,8.399999618530273,11883
2026-05-06,7.932000160217285,7.932000160217285,8.279999732971191,6.888000011444092,7.164000034332275,26675
2026-05-07,7.9079999923706055,7.9079999923706055,8.255999565124512,7.5960001945495605,8.039999961853027,9892
2026-05-08,7.703999996185303,7.703999996185303,7.883999824523926,7.440000057220459,7.800000190734863,5717
2026-05-11,7.51200008392334,7.51200008392334,7.980000019073486,7.51200008392334,7.679999828338623,10425
2026-05-12,7.343999862670898,7.343999862670898,7.559999942779541,7.320000171661377,7.559999942779541,7108
2026-05-13,7.211999893188477,7.211999893188477,7.679999828338623,7.079999923706055,7.199999809265137,11125
2026-05-14,7.211999893188477,7.211999893188477,7.656000137329102,7.211999893188477,7.440000057220459,6892
2026-05-15,7.079999923706055,7.079999923706055,7.440000057220459,7.079999923706055,7.331999778747559,12458
2026-05-18,6.4679999351501465,6.4679999351501465,7.104000091552734,6.360000133514404,7.079999923706055,26158
2026-05-19,6.084000110626221,6.084000110626221,6.4079999923706055,5.880000114440918,6.360000133514404,25833
2026-05-20,6.251999855041504,6.251999855041504,6.4079999923706055,5.880000114440918,6.228000164031982,9525
2026-05-21,6.263999938964844,6.263999938964844,6.383999824523926,5.880000114440918,6.0,17367
2026-05-22,6.288000106811523,6.288000106811523,6.960000038146973,5.97599983215332,6.5279998779296875,31650
2026-05-26,6.300000190734863,6.300000190734863,6.480000019073486,6.239999771118164,6.323999881744385,8992
2026-05-27,6.311999797821045,6.311999797821045,6.480000019073486,6.179999828338623,6.360000133514404,8267
2026-05-28,6.360000133514404,6.360000133514404,6.636000156402588,6.263999938964844,6.300000190734863,8375
2026-05-29,6.383999824523926,6.383999824523926,6.624000072479248,6.276000022888184,6.432000160217285,6717
2026-06-01,6.383999824523926,6.383999824523926,6.552000045776367,6.239999771118164,6.420000076293945,7783
2026-06-02,6.4679999351501465,6.4679999351501465,6.923999786376953,6.432000160217285,6.480000019073486,15433
2026-06-03,6.107999801635742,6.107999801635742,6.360000133514404,6.047999858856201,6.360000133514404,9650
2026-06-04,6.311999797821045,6.311999797821045,6.576000213623047,6.01200008392334,6.047999858856201,17317
2026-06-05,5.771999835968018,5.771999835968018,6.119999885559082,5.760000228881836,6.119999885559082,23892
2026-06-08,5.699999809265137,5.699999809265137,6.0,5.664000034332275,6.0,7917
2026-06-09,5.423999786376953,5.423999786376953,5.699999809265137,5.4120001792907715,5.699999809265137,13317
2026-06-10,5.855999946594238,5.855999946594238,6.228000164031982,5.400000095367432,5.400000095367432,22925
2026-06-11,6.156000137329102,6.156000137329102,6.179999828338623,5.627999782562256,5.783999919891357,9792
2026-06-12,6.047999858856201,6.047999858856201,6.3480000495910645,5.855999946594238,6.119999885559082,5783
2026-06-15,5.771999835968018,5.771999835968018,6.156000137329102,5.771999835968018,6.0,8458
2026-06-16,5.639999866485596,5.639999866485596,5.843999862670898,5.639999866485596,5.748000144958496,4983
2026-06-17,6.047999858856201,6.047999858856201,6.3480000495910645,5.5920000076293945,5.760000228881836,14158
2026-06-18,5.423999786376953,5.423999786376953,6.239999771118164,5.423999786376953,6.119999885559082,19292
2026-06-22,5.760000228881836,5.760000228881836,5.880000114440918,5.639999866485596,5.820000171661377,16317
2026-06-23,5.519999980926514,5.519999980926514,5.748000144958496,5.519999980926514,5.748000144958496,6025
2026-06-24,5.423999786376953,5.423999786376953,5.699999809265137,5.400000095367432,5.627999782562256,15017
2026-06-25,5.4120001792907715,5.4120001792907715,6.0,5.340000152587891,5.400000095367432,5667
2026-06-26,5.340000152587891,5.340000152587891,5.760000228881836,5.28000020980835,5.460000038146973,4367
2026-06-29,5.544000148773193,5.544000148773193,5.760000228881836,5.159999847412109,5.760000228881836,10200
2026-06-30,5.400000095367432,5.400000095367432,5.519999980926514,5.340000152587891,5.4120001792907715,6517
2026-07-01,5.556000232696533,5.556000232696533,5.639999866485596,5.375999927520752,5.400000095367432,4533
2026-07-02,5.3520002365112305,5.3520002365112305,5.639999866485596,5.3520002365112305,5.4120001792907715,5183
2026-07-06,5.3520002365112305,5.3520002365112305,5.519999980926514,5.28000020980835,5.28000020980835,7242
2026-07-07,4.835999965667725,4.835999965667725,5.315999984741211,4.835999965667725,5.196000099182129,9692
2026-07-08,4.559999942779541,4.559999942779541,4.835999965667725,4.559999942779541,4.823999881744385,9658
2026-07-09,4.559999942779541,4.559999942779541,4.679999828338623,4.452000141143799,4.559999942779541,10258
2026-07-10,4.331999778747559,4.331999778747559,4.656000137329102,4.320000171661377,4.656000137329102,5017
2026-07-13,3.9839999675750732,3.9839999675750732,4.4039998054504395,3.7920000553131104,4.260000228881836,9558
2026-07-14,4.176000118255615,4.176000118255615,4.559999942779541,4.019999980926514,4.079999923706055,7983
2026-07-15,4.271999835968018,4.271999835968018,4.427999973297119,4.199999809265137,4.199999809265137,4642
2026-07-16,4.1519999504089355,4.1519999504089355,4.440000057220459,4.139999866485596,4.440000057220459,10142
2026-07-17,3.696000099182129,3.696000099182129,4.199999809265137,3.6600000858306885,3.875999927520752,13325
2026-07-20,3.384000062942505,3.384000062942505,3.5999999046325684,3.131999969482422,3.5999999046325684,25333
2026-07-21,3.7100000381469727,3.7100000381469727,3.75,2.7699999809265137,2.7699999809265137,101900
2026-07-22,3.569999933242798,3.569999933242798,3.8369998931884766,3.5,3.680000066757202,57400
2026-07-23,3.3301000595092773,3.3301000595092773,3.640000104904175,3.170099973678589,3.5,33492
